op_atlas_id,display_name,thumbnail_url
0xa3d07f453f70d844196d89d79848aa2e70a0bd8b38bf0f493cba1547bb3bca5e,Ethers.js,https://storage.googleapis.com/op-atlas/f8d776ab-ca70-42ee-9e41-d4f709cd6fd4.png
0x939241afa4c4b9e1dda6b8250baa8f04fa8b0debce738cfd324c0b18f9926d25,OpenZeppelin Contracts,https://storage.googleapis.com/op-atlas/83bab036-91bd-4b9d-a524-dbea2024aa3f.png
0xc0615947773148cbc340b175fb9afc98dbb4e0acd31d018b1ee41a5538785abf,Wagmi: Reactive primitives for Ethereum apps ,https://storage.googleapis.com/op-atlas/4043de65-2657-4c0f-91e6-3d5aea14dc33.png
0xcc8d03e014e121d10602eeff729b755d5dc6a317df0d6302c8a9d3b5424aaba8,Solidity,https://storage.googleapis.com/op-atlas/b6f312d0-1025-4a19-baa9-3aa218fe0833.png
0x670a2982f6d7786b58a8399bcabc23246365b21e533a97945e055791fc235e64,Hardhat,https://storage.googleapis.com/op-atlas/4659da93-959f-4622-bce7-0bf1b3ac0f5c.png
0x6bd057da522918a4675396313ae33a2f2788a1ceeb3bd7ae228015e3eb317a7d,Viem: TypeScript Interface for Ethereum,https://storage.googleapis.com/op-atlas/171f60c2-1e3e-4b0a-998e-4015a7f468f7.png
0x9d9162fac637991d2a56da8fbe03dba24c87eb82d47c7a00b921e39e956f8a9d,Uniswap on Superchain (Oku),https://storage.googleapis.com/op-atlas/53df7af9-3439-49f4-8d79-c087372bb201.png
0x4288aacdda65af69c03b2c9b9d057e2b93ed1b7671e481b03c6a7b33349d2365,Aerodrome Finance,https://storage.googleapis.com/op-atlas/610ecfca-6710-470d-81a7-1779db5dbf7a.png
0xb98778ca9ff41446e2bc304f7b5d27f0fa7c2bcd11df19e22d1352c06698a1f6,Account Abstraction - ERC-4337,https://storage.googleapis.com/op-atlas/35570d3a-c51f-48cd-b236-0098f734dd0e.png
0x1ac8413aaf8110410b9447af27251ba89311f5ec4e2d289006e834b122a44dbf,PancakeSwap,https://storage.googleapis.com/op-atlas/695503e7-b590-417b-b824-60e52b3b71e5.png
0x3061b642db56c507e265f03029735b0413a613bda43456a31e78128baeb18754,Aave,https://storage.googleapis.com/op-atlas/dcd0600f-d9bf-439e-9915-5922ea8e9655.png
0x08df6e20a3cfabbaf8f34d4f4d048fe7da40447c24be0f3ad513db6f13c755dd,Velodrome Finance,https://storage.googleapis.com/op-atlas/438ea57d-059c-4327-82e4-abfc94544bad.png
0xae07bfec2c3c90937679f8c8c5c32e80407c09903aa03d1b5e5a075e67592b86,DefiLlama,https://storage.googleapis.com/op-atlas/a9e1e4b4-45a2-411b-8f31-059269534381.png
0x5958eb35cf4d4b8871924adc5e6272eff2ac701e368ca6ad043ee486cce9e223,Kyo finance,https://storage.googleapis.com/op-atlas/170a8cb7-5cf9-4834-822a-4a04eb6052a9.png
0xda8c593717693ef30f5c62fc2689709784324cfb9b5fe92c9db3a47f596791e5,Morpho ,https://cdn.charmverse.io/user-content/92e825ef-614d-4aaa-b3d7-cf7b4c793477/6c1b26d4-c05c-4c8d-91f9-ce0f077228d2/Morpho-logo-dark-shape-PP.png
0xb926ab918147d2264dba94a429eb07986aa533fd6062a78736d3eda4e0b4a69b,Oku Trade,https://storage.googleapis.com/op-atlas/e4df3c2b-ac71-4d26-96ab-5cecf89d0f7f.png
0xd4f0252e6ac2408099cd40d213fb6f42e8fa129b446d6e8da55e673598ef14c0,Moonwell,https://storage.googleapis.com/op-atlas/8d393569-26d8-4ce2-89cf-898077c88b52.png
0x40ee6048c99aefd288f6133db207849d0951fe6b62afa1cca0db5a4ad7f558de,ORO,https://storage.googleapis.com/op-atlas/e4001c5f-b0e2-4d54-9769-461175e1113b.png
0x2bb095e1f297c71da8bd4ee15097abad3b99e299fe14cd6aa704df3f36d0ae22,solidity-coverage,https://storage.googleapis.com/op-atlas/bd692393-7f1a-4b91-9887-73f7c3250233.png
0x62d9a8a3b602c688610abfbe3965e04ca0d19c5c506f40e79cd185cb501d2018,noble cryptography,https://storage.googleapis.com/op-atlas/bd692393-7f1a-4b91-9887-73f7c3250233.png
0x9151666888d0ca532a529be98a50d2eb992988117e202163f865fa9a27eb7149,Solady,https://storage.googleapis.com/op-atlas/0e726459-df1e-4cea-bddb-25399f88acea.png
0x62e37e96aa6e1cbfb6bd24b97c4b8f1e12cc3fe35d5388d2f041c42a12b40745,Stargate Finance,https://storage.googleapis.com/op-atlas/3083ccee-79a8-4ff2-b017-9ecb52d13cbf.png
0x9b639cc6061e41a1d12adb39619a2fddb7005074cf965a3a6f4eabc6eea31112,Ronan Sandford,https://storage.googleapis.com/op-atlas/4a992d33-6e9c-4395-b6eb-4848be0b3b47.png
0xebe03c3d6d33cad60124b9b05ef6e2ff056293a1de3c5fa51dfbb90c86c14bf7,web3.py,https://storage.googleapis.com/op-atlas/287d64ad-b265-41e5-9569-25807ef5bba4.png
0x154a42e5ca88d7c2732fda74d6eb611057fc88dbe6f0ff3aae7b89c2cd1666ab,üèóÔ∏è  Scaffold-ETH 2,https://storage.googleapis.com/op-atlas/f8efb7c2-8fb3-4988-8511-ae6e826b687f.png
0x780cf3d5aa4e3c94b8a4157f4b06a3f92ebcc20813585e20e3fe0271bf76b7a9,Virtuals Protocol,https://storage.googleapis.com/op-atlas/a8b42e6b-a95c-4a2d-8403-570c275d187a.png
0x91a4420e2fcc8311e97dad480f201a8ce221f2cd64c2de77280cbcc6ce193752,Layer3,https://storage.googleapis.com/op-atlas/e176b082-4555-4435-8e29-cc195423ccee.png
0x517eaa9c56951de89261f2d7830ea49aae92f2a903104a17d9c5c2edd4959806,LI.FI,https://storage.googleapis.com/op-atlas/4906b988-6024-421e-a706-d01bc508e736.png
0x7f330267969cf845a983a9d4e7b7dbcca5c700a5191269af377836d109e0bb69,IPFS,https://storage.googleapis.com/op-atlas/fca3aa6c-bdd5-4632-ae64-37b886d50a65.png
0xc6cac7cd3793888032cc8a9e5aef92550beeec2598f86f1ec6972ffd5b82a990,Prettier Solidity,https://storage.googleapis.com/op-atlas/0e3be68b-be6b-4833-b0ed-b53dc89a8d22.png
0x9fb539aa3ddb63cda1c29b50fbeaa6071f290926ce10f3d224233577b823454e,UNO,https://storage.googleapis.com/op-atlas/e9fc09bb-8537-4a5f-b0ad-0effc9140103.png
0xfa7d950cfda2c634b052b6c07e75daaa95dd22ac1f220b6862cfd24221d4cabc,Solhint,https://storage.googleapis.com/op-atlas/8a93267a-39e3-42c9-976f-225753bb43f3.png
0x351967474a454b494260a488f3ceb77d993580a4fe79fb6b6d132c70634bc516,Ponder,https://storage.googleapis.com/op-atlas/8da31052-61ab-40c2-a9b6-18b0dd37824e.png
0xbb067b01988521110c91737f058e7301f608be231d850a72af1516bd034d161c,Synpress,https://storage.googleapis.com/op-atlas/abf0fa5e-15f2-4963-bd73-d84d0bd4c307.png
0x00d5eaebec0fa6a41bbf5e29d347162dabc04dfffcd188663fc16393a5d9917a,The Box,https://storage.googleapis.com/op-atlas/d4262f05-05c4-483a-961b-10773f1beefe.png
0xa1f96576ad998e804140caccd478bae81b8b1059a107166df87b59fbf42c9e4a,OnChainGM,https://storage.googleapis.com/op-atlas/c2701411-4e5c-4dcc-a5ba-f95566645206.png
0x2c41bf7b4d36a344881581e20ecb2929d38c3415fffa4bf65f81ae049dfb2e72,PUF,https://storage.googleapis.com/op-atlas/f783b93e-ec93-4baa-8053-3b7b3d80dbfe.png
0xc6052138bbdae5976fa2866f46b0537182d4126c4bb97485738d1b43f2276134,thirdweb,https://storage.googleapis.com/op-atlas/278ce531-3de6-4f4c-8955-877541c7020b.png
0x4c9626843c4e3f3c96d80b0ec6b1d10b7682fc9b6d67ab61ece5a87648535b1f,ethereum-bloom-filters,https://storage.googleapis.com/op-atlas/d21bd2f0-91b0-4e80-9e33-b1c21501a4e8.png
0x2c1d2ae68e4a718a04a41f1a9fde1ed0648602e08c150e3f72d3dc7ef22dd71a,GM,https://storage.googleapis.com/op-atlas/91b567f5-7a00-470f-bef1-2f505cae171d.png
0xb2d109759fe14e11ac5cc100ab6006321ebdd7ffdefbd2efac93a002105f8e92,Revm,https://storage.googleapis.com/op-atlas/57aeca37-e53b-4bcb-b161-0608d09e5c62.png
0xdc3dce33fd5fb50cf932586d4257456ddf5040ba0955d97641646504c73dbd13,Slither,https://storage.googleapis.com/op-atlas/27ad6768-163c-4cc3-bd3e-ba8fd3ef5f50.png
0xb620f012eb197e5661f65c1a5aee6a4bbb43629f0056879ae4dc66adf8383ae3,ORB,https://storage.googleapis.com/op-atlas/ac8bc473-4f5e-4e37-87bb-de461a5dd6a4.png
0x12721a0927c5d0598380e718e69c7f3395cc7b8847da42ac384af9c59efd025d,AION,https://storage.googleapis.com/op-atlas/54de7478-e3b3-4a64-b211-42d7600d4bb7.png
0xabdfa10e699db5127100da1dd2403692afe8d86e793d57780f1c7e93437a73a0,WhatsABI,https://storage.googleapis.com/op-atlas/63e11af2-345b-4977-b6da-dcaf387df081.png
0xc2d8139cd61ddc75689610ee0cca0fe37ba8bec3270beb6aac6eac91c6256f60,hardhat-gas-reporter,https://storage.googleapis.com/op-atlas/08754b7b-75c3-436b-ad66-bdf4b4261895.png
0xc55fe3df4a2689935cc0a4b912e3f913de7a8c1c6758370550aaf25a949ec79c,Golden Otter,https://storage.googleapis.com/op-atlas/933ef6e9-fe04-4e35-9831-53a1839e1227.png
0x5a7e7c7acb21521e99021d746740b368801cbfe531301e50bdbaafdc24a0aac5,js-libp2p,https://storage.googleapis.com/op-atlas/11d09c62-9356-40b2-9cd2-06b98f816bfb.png
0xf4e56e0c6654d6ef621191708f27ee20242462f541d3e79dc5512e1a10d90736,Eggs Vault,https://storage.googleapis.com/op-atlas/4b47f429-85ce-4f25-a906-a9ede2006f27.png
0x37fe5886f4c77d5a5cb947deff90158c045a5d207572763187748ac4dd4bd9b9,ethereum-multicall,https://storage.googleapis.com/op-atlas/4b47f429-85ce-4f25-a906-a9ede2006f27.png
0xc7798704a6d730cea776c4866a9636bfa04c1201e29b6b0c99cc3603bc1bca25,Cannon,https://storage.googleapis.com/op-atlas/8b14d1e8-d2ef-4670-83da-76368cbd50af.png
0xdf1bb03d08808e2d789f5eac8462bdc560f1bb5b0877f0cf8c66ab53a0bc2f5c,Rust Libp2p,https://storage.googleapis.com/op-atlas/352a5108-5f07-4765-a43d-7ba0b4b27054.png
0x41b2ae8a2ead458ff7c85549a9a11380353e1ae4b234666312d495326636f77a,Sushiswap,https://storage.googleapis.com/op-atlas/ef552330-7da4-4eac-837d-0667651ec3f7.png
0xc377ed1b705bcc856a628f961f1e7c8ca943e6f3727b7c179c657e227e8e852c,MerkleTreeJS,https://storage.googleapis.com/op-atlas/a98b7fe6-9d08-49e4-b764-5470e14ea3aa.png
0xdafc4d2a060c7d08913ceb05b19c4fe7fb6d93a7f5f1142642be939be16bf6e9,DNA Token,https://storage.googleapis.com/op-atlas/2af113a4-dcc8-491a-bdb4-aff1fd53b19d.png
0x7e917a2d0718401c9fe2a82f43ea558f5128f251b1e658c76dc7ff9a5e9fd993,PRBMath,https://storage.googleapis.com/op-atlas/527c8bbb-c361-4521-afbf-4396cecd1e3b.png
0xb26d9315cec30e60b52efd523c25a260c41d573458b246e60cf2de76eefd15a4,MintSwap Finance,https://storage.googleapis.com/op-atlas/b3ad53a9-a067-4814-84a2-07350f4e4326.png
0xa0b16714baef75d97ec07fd48eaf42e79df92fe2a3c2d725d2388ede587ea54c,Ape Framework,https://storage.googleapis.com/op-atlas/ab983e5d-4c75-4fc9-9b02-187a4f479c8a.png
0xca3f26e1c876e821d2384a5cb699c6be494f9810301c2e2be49c232656262642,BaseSwap ,https://storage.googleapis.com/op-atlas/48c4657f-22b9-4c63-acf0-a7bf4bfb1a3f.png
0xc8ce0bfc7cd141c57a816cce213471208a1f6136c7aed5282c2c41b434006518,Bedrock on Optimism Superchain,https://storage.googleapis.com/op-atlas/fb5a2f11-1627-40ab-9ed7-ed4f089112a8.png
0x663e4d25ca3f327365240471b4831ea3c989cb132bbf6ae8f5c1e15268591795,Blockscout open-source block explorer,https://storage.googleapis.com/op-atlas/3113c4b6-4e29-420c-95f8-2ae4f6098089.png
0x517eaa9c56951de89261f2d7830ea49aae92f2a903104a17d9c5c2edd4959806,LI.FI,https://storage.googleapis.com/op-atlas/4906b988-6024-421e-a706-d01bc508e736.png
0xc71faa1bcb4ceb785816c3f22823377e9e5e7c48649badd9f0a0ce491f20d4b3,go-libp2p,https://storage.googleapis.com/op-atlas/277d8353-44c4-4e16-a2bd-2dfb3fb9e65f.png
0xc0ad090a80d748c19dce84d17f85d7b0016daa1c35f72ada2d92f469f8a77067,rotki,https://storage.googleapis.com/op-atlas/f83b26e1-f443-427a-960e-073c0d77901e.png
0x72723e07fe409557489a6643b43d9493a94c10ba68230b0527f01834cb6a550f,Across Protocol,https://storage.googleapis.com/op-atlas/8511973c-1ef1-4cf3-a864-1d7a59aa243c.png
0x2ecedc3cad0a68d398020bf6d41167535fcaeb6d5bbf1602d6318f07e9c59af6,Untitled Bank,https://storage.googleapis.com/op-atlas/673033ce-a72b-440c-821a-ac49df9bc7cc.png
0xd63cb23c26cc3bda03b1cc2971589fd26c9d22f3bbc8f1ff2bb74613e6d1c36d,Solidity Bytes Arrays Utils Library,https://storage.googleapis.com/op-atlas/aa1c84f1-cd10-420c-a730-576e9e1ca7fd.png
0xc8a6f84677aca1ce288713e63616048e307d4c2d50aa76d65bc46e4c75aa3d53,Flat Money,https://cdn.charmverse.io/user-content/dd6b49be-f9cc-4178-8ecb-26cdb23b0b6f/f195d7a9-723e-4c19-ae11-dc138da757e9/Flat-Money-logo-small.png
0x9ca1f7b0e0d10d3bd2619e51a54f2e4175e029c87a2944cf1ebc89164ba77ea0,Vyper,https://cdn.charmverse.io/user-content/5302de23-eae6-4cda-97aa-25fefd829726/9aa6f15f-e32a-4bca-a40a-5b1e1122babb/2024-06-11_23-25.png
0xc66e357ad67e63954cd1eb79da4d507d8800518f06c82e423e93e8771e7b8d13,Brahma,https://storage.googleapis.com/op-atlas/b62d6708-d690-41e7-b574-4c8d6c728610.png
0xa88844cea135382e3484e39c3172033437121b35ca0bc8b10b9b8253984876b5,Ethereum Attestation Service (EAS),https://storage.googleapis.com/op-atlas/e74ff6ef-578b-4dcb-b155-e663822b2f94.png
0x24ff0fb2933e55b169a80d9bd35a00a7011795387717b27445ccdc0f8660d740,OpenOcean,https://storage.googleapis.com/op-atlas/46d3935b-5719-4c9f-ae9b-d7f255f4c120.png
0x50159544ec22884b777a997a625c75bb02e55b1dc8934aad3b78678e7c11d039,üêç snekmate,https://storage.googleapis.com/op-atlas/baed8e76-d872-4218-9648-9bb5700dabc9.png
0xd3d00c946f62ac8cf49a85e3ab7d295d3b56f68d0b9f1fa4d595742fa372cf78,Compound Finance,https://storage.googleapis.com/op-atlas/1465e243-c628-405e-8cc6-543f69d58ae1.png
0x1e7a1f9763d25b6844567a7133b1005ef6ed785642a75229acf1b9b25202a5f3,eRPC,https://storage.googleapis.com/op-atlas/bc82b1d5-dad6-496a-af01-475797e53e34.png
0x97525ec91080ddd917eaccabf9d383cf70a2f78839ab21eeabe1687e312f2132,rindexer,https://storage.googleapis.com/op-atlas/366c4940-78cc-4119-958b-b93f3c9a5845.png
0x0008577196fa6ec286440b418e2f6305fc10e62ce759625d826be272ee6b45a3,CreateX,https://storage.googleapis.com/op-atlas/4e18f37a-1991-48a1-9622-c43fa3e04f3e.png
0x202a80f0f57630d04a26464d6492b3399059ca1187943032c37652eb2468a76f,Titanoboa,https://storage.googleapis.com/op-atlas/2e9723d3-7b53-473c-b93c-87b2c7a72055.png
0xe8833ceee8beb2b3fb0f7f2dcef576f6f9cf20e35d8e53324d71b0ed47b01982,SOCKET protocol,https://storage.googleapis.com/op-atlas/c66586ff-457e-49ee-8af9-0a856a2099e0.png
0xb6266f3d955040aa7583f2f346db87abe0649f545389af3cc8fe302aacfc850b,Splits,https://storage.googleapis.com/op-atlas/507b8200-92e0-4914-a43e-97010a0b0583.png
0x5e6c436e48e56d6d9622ba5d0be0035c314e2b29d2afc8f5f1ee8ac75cd42532,Snapshot,https://storage.googleapis.com/op-atlas/098487bf-4f43-4e5a-8621-9c6368304124.png
0x2a04bac7482169a929fd70444bbfac10654d0588e022db7527566dbfc307d2e9,Solc-select,https://storage.googleapis.com/op-atlas/de442005-7eb7-45d9-9d69-c1f1548e855f.png
0x537097f27d55cb52d39b95c3ed65076349ab68aac48051d742d715456e0884d8,xdeployer,https://storage.googleapis.com/op-atlas/ce1dd7d2-ed08-45f9-adf0-1934ae5dc396.png
0x33f99467bb08ce97fc0829a766e06555c7a7c6870db71a13d82241ecd186406a,Dark Forest MUD,https://storage.googleapis.com/op-atlas/7d2ed7a2-11d9-4167-aab0-fa8f68c76761.png
0x2866fcc8ea2ad6cc691b8367023c08ba84a34a14685b0154ba4601b7d4981069,go-ethereum-hdwallet,https://storage.googleapis.com/op-atlas/09a4acff-98eb-4c73-925e-7403d7678163.png
0x3526b9c6fdc34076d7d2c31893b94e760f4d5a010387b6b76b45f8b5577ceb98,Gyroscope,https://cdn.charmverse.io/user-content/8f55a068-fcfa-4b16-b818-0a9f9fd75477/8af1a15f-c1ef-4554-9190-f722d9f462df/Stablecoin_Logo_256x256.png
0x85bef37b528ec9d7e1a9cb864e298e3c117071507acd3f522c28561435d167f5,rhinofi,https://storage.googleapis.com/op-atlas/ddd580ed-71e8-4a88-be3b-32d302c4821c.png
0x18923b60296e26a8ce35a0b4754cd6fd5427b2820a202f82901c826794fdbc9e,Sake,https://storage.googleapis.com/op-atlas/161e64ce-bd77-4b81-84a8-5ff04cc6013b.png
0x512f97f1de28ad530f752d53bf4f56ed16d34a3121f0512cd5a0485c2074b312,Extra Finance,https://storage.googleapis.com/op-atlas/067d6ab4-1059-4273-8bb8-c361fdd9e737.png
0xc55da0ccb43d29814ac5ac3e1eacb85a5008a30df7fff6c34c45684c89ad5f11,OÔºùCÔºùO,https://storage.googleapis.com/op-atlas/56f5a231-2cdd-435d-b224-99dde1fec754.png
0xf46bb7a4597826d57ce9ef1579b7a11079dccfd8510770ad64b2e5a801d8ff27,ethers-multicall-provider,https://storage.googleapis.com/op-atlas/56f5a231-2cdd-435d-b224-99dde1fec754.png
0xd17c16ed0ff3c31ae81ae9af4070a2150db0be538cabcb720c67cc5f221d3965,World Billboard,https://storage.googleapis.com/op-atlas/a041e4a5-7b6d-4d4a-8805-0d6713ff115c.png
0xff1edf67227651293a9cff4dce3577c6ca52bf8c7c6f5f133f07b05255379b27,Kelp,https://storage.googleapis.com/op-atlas/6631aa57-4142-4735-b917-e0688ad2c1e8.png
0xefaeef1446de875ab6e50d31c8dbe776f99d884cb8cb68d50b1384067e4aeb6b,Synapse Protocol,https://storage.googleapis.com/op-atlas/f674d616-a9ab-4a9a-af9d-493cc75658cb.png
0xe329147afe5f04d45a1ba005819ef75b36136576aff042b0714ba793f0727938,Poopzter,https://storage.googleapis.com/op-atlas/56d417cb-dcc2-43fe-814c-fb84495b8984.png
0x96767e87a27cdb9798f40c3a6fd78e70da611afe53a5e45cbaafc50cae4ad0e7,Sonus Exchange,https://storage.googleapis.com/op-atlas/49d24bc6-a3fd-4001-bc53-af3b10de0cbe.png
0x48220ef1d103189cd918e9290db4c4b99b463ae2817fb5ef0cc54556a7961b6f,keccak256js,https://storage.googleapis.com/op-atlas/b092dff2-6e21-451c-9946-2f02e2986c8f.png
0xbd0a2132830ab98440f052dd378cfad9cc3133bd0fa226fd485da2540179b458,Rubic,https://storage.googleapis.com/op-atlas/008003c3-8012-4b38-8ead-b6d634b6030a.png
0x42bdd05fa3beb0b21780bbd35b34eefc3e69e45bc4f17043f6eb6b2bbed26237,Superhero,https://storage.googleapis.com/op-atlas/fde20fec-8bef-4847-b131-64315d250dd4.png
0x82edc3ac2a03da21c5a6033159ba8e97aab2f61dc5d1d9813929fea6d6c35362,Superform,https://cdn.charmverse.io/user-content/68809452-7127-4899-a036-234b59d2c0ec/529631b6-b8a1-4ff8-9b2e-25d6c0b00ee8/SuperformLogo.png
0x8efcf1b6e879bb6ec89d5982b8da840757053731b8972c4a07a6ce9b6ffcfc89,Blueshift.fi,https://storage.googleapis.com/op-atlas/8165ca76-587d-4f67-bef9-6c95c6f29362.png
0xa09305aa57a60e362b11911666f6310f46c959ead9116333d2e7ca91aee180bf,Super Account,https://storage.googleapis.com/op-atlas/92756708-6f8d-45d9-bfc5-46eedce9c398.png
0x18e7582de42dd9a7fd2cb69fb6566b8bcb3e86b936b229b0c5af78fa1de791a4,DackieSwap,https://storage.googleapis.com/op-atlas/a66e91e5-275f-4aca-bfb1-c6d0f764a300.png
0xfc54b4a9c537be25238cba3f05100b733aeee83a3eb3fdae60d651b3b913390c,Multicaller,https://storage.googleapis.com/op-atlas/8362181e-8e95-40d4-bf8d-234f3edaca4c.png
0xafb4dc19ccc63057da88110df49234b311044bc73b070041bb8df03e583943ab,Abi Ninja,https://storage.googleapis.com/op-atlas/83588cc2-f155-4b2c-8ff1-1347f2113c4d.png
0x000c2ce4773defb3010a58d3800d0ec9d432189c574ba26d3103f1db44a5af6d,WOOFi,https://storage.googleapis.com/op-atlas/43a21aa6-8041-4e4f-974a-1d358b60475f.png
0x740bebbc731ec56dcc17c7d429656220a73960022c3809edf324bd8120285722,bulloak,https://storage.googleapis.com/op-atlas/73d7f842-6eb3-4a74-89df-176b8a69e4c2.png
0x70ba3cb2e433f1cd9ace8aea84c46d167ba5db12293cd108eaca068d06be3a71,Gains Network (gTrade),https://storage.googleapis.com/op-atlas/5b770621-5bff-414d-a89a-91cd4d655703.png
0x8595f830f4d1716621d19bca6394f304837133fb473d8fcd1699e84402df1409,SwapBased,https://storage.googleapis.com/op-atlas/b4e6ad97-54ee-44d6-96fc-bdc26befa811.png
0xa873dcdcc84e0022edd2f7d5cc8646667b87bf06609d506cd8e39dbd7412fa59,Foundry MCP Server,https://storage.googleapis.com/op-atlas/92c30ad3-b419-4f74-a24c-08bdff63059b.png
0x0008577196fa6ec286440b418e2f6305fc10e62ce759625d826be272ee6b45a3,CreateX,https://storage.googleapis.com/op-atlas/4e18f37a-1991-48a1-9622-c43fa3e04f3e.png
0x31704fee34d3edec158b5df714b613642bfbbb58ad7466204ded66a3f811b979,Superchain Safe,https://storage.googleapis.com/op-atlas/4e18f37a-1991-48a1-9622-c43fa3e04f3e.png
0x541b7b08401d799b87f583c102a6c94cee7105f1b29dc630de5edbbd966d7c13,Fe Language,https://storage.googleapis.com/op-atlas/05ac5706-2a13-4325-8333-183a730e7797.png
0x7eb6ba7a1057659d04ec414446c1b32509bf57704958139266c7120903446ad6,Pinto Protocol,https://storage.googleapis.com/op-atlas/5f99d3cb-d762-4e32-a2d9-2783c6b718eb.png
0x754c37e401e2527ab24b9d7ca3e042bfcbfebeef54a533f8833d46242d2c3017,Remix Project,https://storage.googleapis.com/op-atlas/09d19a87-dc4f-4586-99f6-ef6c9f92f713.png
0xbcb5c437d5347be21add3972512679054416805274f80e85ab8053ae79340a69,Ionic Protocol,https://storage.googleapis.com/op-atlas/6b11cbf5-618d-4840-9c30-8fb7020503b9.png
0xb1ee13dc3a4f1db5840d4852e7c81977fcd14d7b423f3ed15407bbf13d1a3986,HumanFi,https://storage.googleapis.com/op-atlas/889d105f-b63c-4812-a0b3-3c1302d5afde.png
0x6371518c95cfa543514e01a77d470c695fac36691cffa3a45e992b2c0cc6ba72,Avantis ,https://storage.googleapis.com/op-atlas/28332759-0834-4e97-ba84-5e695d911c08.png
0x850df51e29f2846a5f085d88e6b6fc13fad51ad7161f8a825ed09d470668161a,Party.app + Party Protocol,https://storage.googleapis.com/op-atlas/ff816d35-de0c-4768-af2c-d2c187dab1c1.png
0x17fb589e599fe05e532b90c121eccc55b1249301e783dae226bad698872322da,The Ethernaut,https://storage.googleapis.com/op-atlas/06419654-6022-400a-9670-82ca6e0225fe.png
0xeecfa614f020c2ea4c2eb431246befedf35ddc6c52cfaa83d0c4caf2f580f9f4,doginme memecoin,https://storage.googleapis.com/op-atlas/78fa0066-862d-4cee-b170-ff92a95ce347.png
0xaed5941b7a9f20de83f5c839bda507be43cbf41777fc623abf4bf05773298826,Otterscan,https://storage.googleapis.com/op-atlas/55a1fffb-dcd9-448b-8e34-9fb4b09a72f7.png
0x5962ef9e4955bc4cd4c6ed080c55879be9ee2dddb1b7cd37d72182a142dc9eab,Arkada,https://storage.googleapis.com/op-atlas/48d8b7b5-11a4-4c93-b719-970898926ea0.png
0x0b06e685eab9c4fee7d93ca54e1c02281e2be560bfc54f43fa738961fa2ce4c1,Coop Records,https://storage.googleapis.com/op-atlas/c87caba0-f1d5-4a83-9b76-61a6b105afd6.png
0x098fca4a62159ddfc2c45dc2931a727d56f039b8f68e31222b927aaf2ce75b9e,pods.media,https://storage.googleapis.com/op-atlas/a53cf9e4-f89d-4415-ac8c-2dc7c28553f2.png
0x7539f43dc91f9c406c83a06339708e4033cdbf630916c6dfb9de2b5ef811affd,Seamless Protocol,https://storage.googleapis.com/op-atlas/3ab14d32-3c0e-4262-a17c-9a328dded4bc.png
0x79fa54d6c030c7803827e96933fc93b092f638079c738d13a27a08b3905b95ec,Smol,https://storage.googleapis.com/op-atlas/7da67317-9da1-4b7e-a18e-cd9b8a19c2c8.png
0xb54051a79d3b97ba30bf6ee4f775ea606bf21197a990af8be90f88dac22ea555,Squadletics,https://storage.googleapis.com/op-atlas/3e0e206c-102c-471c-9f16-523b6093326a.png
0x3ecbf66c1b21342b26acb0f7d4c6b8bbbef168ffafff3f425de3503fd8dfa535,Superfluid,https://storage.googleapis.com/op-atlas/5ec8841c-0bd3-453f-93b2-5c3bf2034816.png
0x38c38455bb0fd71d2929fcf799279569ab5f5c5d3e1f92f8642ce87aa25accdf,Decent.xyz,https://storage.googleapis.com/op-atlas/1ede3a09-1878-4852-a564-f86f4f49b9fc.png
0xe6aa409da818b166ea4d354534d92745f2153fca126c1c38de675d42c3c559fe,Mint.Rich,https://storage.googleapis.com/op-atlas/34aa2f36-dc61-4642-8e77-e2823719cee1.png
0x471ef1b671bc421d04640a7fe832365c1aec2d298adc81f03d69a685b7cc894c,Loop Decoder,https://storage.googleapis.com/op-atlas/b852c74f-a247-40dd-8299-90b8c7499c8c.png
0xb9996d35862a7c60282da2adf3447f043580f586fcb702ff6869896d15ef6344,Medusa,https://storage.googleapis.com/op-atlas/69e9b03e-47d3-4770-8415-3ae65da044a4.png
0x5c0234455c4b86b05ed0c612ac0d7e53cd2249686305af9b2184190b781b8063,Surl,https://storage.googleapis.com/op-atlas/9379802f-3bc8-4e72-a0ad-f4a267ef4d42.png
0xa7d78d566bfa319479ec048c94c3d8c1f4d628a9344ba157fc4974dbf472dc3e,Aderyn,https://storage.googleapis.com/op-atlas/fba2bac1-d14f-4480-899e-4def0258076b.png
0x3d009f8f7c1e8a3bcbc81ca8ed60d2e86b956dd0fa68c4595f851be37052a2b5,Guild.xyz,https://storage.googleapis.com/op-atlas/ef9c39b2-d6a5-42bc-9ca8-6b248be1c0e3.png
0x93c4efb5e2d7416c56ecdcd8244be8faf924194d65b514d90a7a51f6797cc012,Swiss-Knife.xyz,https://storage.googleapis.com/op-atlas/1eba0c98-3ab5-4bce-b365-607e76aa8778.png
0x51cda5996ef1a2ccd8fcf4ee5792337695599454c83eb1218c3ad4388dcb5bf5,Sourcify,https://storage.googleapis.com/op-atlas/f219ada1-9d7d-4d1c-8a90-ea1b09eda31f.png
0xffffeb1d3576c1e847701c225975ee1a10259e05366b477e98fea7a47c5e5896,Rainbow (Rainbow Router),https://storage.googleapis.com/op-atlas/34412cc8-d5d5-4df6-9c82-7f3ab25a2bbf.png
0xe2ef3fbfd10df401a0221939359e96af29805db8936c1199ae7532262c69ec5f,The Button,https://storage.googleapis.com/op-atlas/18fb2045-080b-4645-bb63-50d0ea25b0f0.png
0x0c327d5f07a0abc24d646de807a9768619a34ba5277b24fc935b1edf57fa6244,dHEDGE,https://storage.googleapis.com/op-atlas/b70cea1d-3924-4969-b2ed-7639e1828407.png
0x09b95c7697625da4915338750c5f78446817a3634cb38bc9155e26bbbc0c87f1,Maintaining simple-optimism-node,https://storage.googleapis.com/op-atlas/88286a99-4f87-423a-8d13-2ed8ebe4f47c.png
0x120cdd8e43ae1efbafdf02eda876e1952c05a52870c8d5a8f56d9ec0f79f586d,Passport XYZ | Gitcoin Passport,https://storage.googleapis.com/op-atlas/0160cab5-f34b-4aa5-9442-8b6e82a02bde.png
0xf24315614063278ba3543e1717791132a9afa79b0e65baa01a85bcccbdfa215f,deBridge,https://storage.googleapis.com/op-atlas/701c36d9-3069-48b6-9aa1-b248378b35b8.png
0x97553b3e60fedc3d6e888c26132dfd49b6bc0174fc4546966215e1be3224d0de,Warpslot,https://storage.googleapis.com/op-atlas/65787141-a775-4de3-8822-415a0611e471.png
0xe5c133e05956a3939b9a78f4ad5d0a897a027da60a7d5e1b6276a2266211f69f,BMX,https://storage.googleapis.com/op-atlas/ac108816-e599-44c0-a877-0da4ad56f85f.png
0x0ee3defac0e2a31b995bc073ac02a2140aaf01679e141eb8d1d80409f75f90ea,Mint Club,https://storage.googleapis.com/op-atlas/8c7d3ba8-c0bd-4acd-9ec5-7f1c90631047.png
0x2247247c751707d897f5c0eab670426d9c1c26d84e96ac226004afbf0080cba4,Rundler,https://storage.googleapis.com/op-atlas/7e5161c3-ab8c-44e9-97b9-a957fa9cb7a2.png
0x3ec2d572a608cf939eaf7886402320b3b2229610c13bdb5cb0776bd097331e5a,VSCode Solidity Inspector ,https://storage.googleapis.com/op-atlas/1e11eb35-ddb5-4385-bf18-2231ce727db9.png
0xfe8e35b3487bd0e0457b9431b12b73403ca1f5c9c19dd1db81a2317c97c1e1a2,Stoke Fire,https://storage.googleapis.com/op-atlas/72d35628-aead-4ef8-a924-79d355735214.png
0x513265758a3804184b6a0771d99c1a4b04d3267bacd4b914e89ff991de229f6a,Create2Deployer,https://storage.googleapis.com/op-atlas/ca4f6cbd-5b97-4c22-9e27-446b9e4cd2ff.png
0xdd81f0fbb21c949e5d67176b22a39cfdc7c774349214a450df78eb31174413db,beaconcha.in,https://storage.googleapis.com/op-atlas/4765fd74-b390-4e94-92a3-3ecd1c85f3e5.png
0x0b8acaf73a25ba1f64bf829f9678beb8b7edf825353ebea38085590d78d74d5d,Tokiemon,https://storage.googleapis.com/op-atlas/25e34246-b96e-43e0-b44e-8820364221c3.png
0x7348ae42266ff626319e8ea5398343b847603b3cc7101b03d8e4fb2b75ea8db3,Kontrol - formal verification tool based on Foundry and KEVM,https://storage.googleapis.com/op-atlas/1dce415e-060b-4f57-83ed-71ba91207614.png
0x259b729af86ba38c0c84be9b739dfbca109a6df985371d8cabd43116d18d7a1a,Flaunch,https://storage.googleapis.com/op-atlas/81a318f2-61ee-4269-88d0-4aed3bb893c3.png
0xd54e1032bf16d649f8f8f0a7da42a249966ad4a270b4c17b24ded1e32c97b2bf,NFTs2Me,https://storage.googleapis.com/op-atlas/c1acede3-c2ac-4fd0-a7ce-8de6afaf5495.png
0x850df51e29f2846a5f085d88e6b6fc13fad51ad7161f8a825ed09d470668161a,Party.app + Party Protocol,https://storage.googleapis.com/op-atlas/ff816d35-de0c-4768-af2c-d2c187dab1c1.png
0xafca3591b83586f14e21b397135b95af668f5ebb54cb45053af44a73df7d7640,Layerswap,https://storage.googleapis.com/op-atlas/257c6717-e538-429e-b135-c59c59885f20.png
0x491ffd3c2e4c25ab7fbdbefe0f5fc8dc2beee5ab801287b9c6c93c9c3c810463,SwapMode,https://storage.googleapis.com/op-atlas/0514a326-07f1-4876-b5aa-f960c81fbe3f.png
0x8f7edabd00cd8a9bc0065eec465bd3d97ebe3f4632c8d3d52b336a9bc1d8fb3a,SuperSwap,https://storage.googleapis.com/op-atlas/f26f5a13-aade-4344-a5cf-2c596f6cc067.png
0x6318678f29da36a652cda174bf1cf5ed9bba753381c7b3b613b981803ba3d550,UniDerpFun,https://storage.googleapis.com/op-atlas/c1ea1284-1388-4312-a198-af2cadbc307b.png
0x1f60db63651f74e2fc8b3ff900d05142552a763c31caf3a8c8e62b0953f02bf2,SuperVol,https://storage.googleapis.com/op-atlas/b3f6c72b-8be4-4c2e-89f4-2d68addc0382.png
0xcbfdcf8f724d73504d1518d5ecd7d7256b12d37e68cd84569b383bfb6e2eeea4,Dmail Network,https://storage.googleapis.com/op-atlas/12b2e427-b292-4b27-8896-9053900bfdb4.png
0xa88844cea135382e3484e39c3172033437121b35ca0bc8b10b9b8253984876b5,Ethereum Attestation Service (EAS),https://storage.googleapis.com/op-atlas/e74ff6ef-578b-4dcb-b155-e663822b2f94.png
0xaf0b91c11966164d5b8e3cf02f082b19479c5f3faca1108ca1e2aec1e1177d06,Rolu,https://storage.googleapis.com/op-atlas/fe40f685-43de-4733-9fa3-6b3c078c4928.png
0x808b31862cec6dccf3894bb0e76ce4ca298e4c2820e2ccbf4816da740463b220,Fractal Visions,https://storage.googleapis.com/op-atlas/cea5a468-43b7-4e56-8d1f-05f03ef1be0e.png
0xfd9f98de666c5b0a5ce96d4a4b8d4ceee9f8c2156734d57bf6c23d0cff183e90,Kim Exchange,https://storage.googleapis.com/op-atlas/50698751-2148-400e-b860-69071e0fd21a.png
0x2c97e213fef2bd3f30a71edf6ed48232640368d0083dc0a134a1b59391639bde,hevm,https://storage.googleapis.com/op-atlas/d7cf4059-4f9c-48aa-a37a-df2f8c81933c.png
0x869d601d2c5d78bcad37b589225632a9674c7bfbafeebf3c379ccc41265d6f33,SynStation,https://storage.googleapis.com/op-atlas/c480af2e-e594-44c8-a028-951b6f298dcb.png
0xb024f6abfa79f7eb7af334f56015509bb70355709991d31bc689c7bea3250f7e,foundry-gas-diff,https://storage.googleapis.com/op-atlas/c480af2e-e594-44c8-a028-951b6f298dcb.png
0x482720e73e91229b5f7d5e2d80a54eb8a722309c26dba03355359788b18f4373,RubyScore,https://storage.googleapis.com/op-atlas/598566b6-6d99-4476-a7a0-3842629b7d71.png
0xd7a8e115b2b3772d7d5656d7798e349dcdedf2463302c78528c9e9686ab4efe3,OmniHub,https://storage.googleapis.com/op-atlas/98782a35-819f-4d02-a2dd-9e0156308b63.png
0x5614d129eba060ce7d224e8e8f9f29aeddfdb572b0dd45edc81f18f5307bc01a,Send,https://storage.googleapis.com/op-atlas/059838b9-9d04-4a9f-9ff1-4af8d02212a9.png
0xfeafe16f8c1a25aebe754f3653340a17943a483a3e389464e44cf14613e210f0,foundry-storage-check,https://storage.googleapis.com/op-atlas/059838b9-9d04-4a9f-9ff1-4af8d02212a9.png
0x70624cd9a8be4ead96e5097025eb645b9848e2643e5025a4006dee2cff1a4138,WAGMI,https://storage.googleapis.com/op-atlas/c1d88475-f853-44d6-82f4-d237bf52515e.png
0x46d819ee72e9b51fb0175286e6ade010776b39cdb56aee88bc9f39501050eb92,Team Finance,https://storage.googleapis.com/op-atlas/dccbcaa1-4283-4b18-a64d-de78d34da282.png
0x81c88822ad7d004a94a2a5ce5d6a2a04466f78d211931230ac0c5a804d36c855,Mint Forest,https://storage.googleapis.com/op-atlas/318f4af4-bde2-4346-b70d-2e17317a17c9.png
0x66cb156952c9cd26c329a490b1ae9a90167f3067bbea337888b5d70d374959d7,ZK Email,https://storage.googleapis.com/op-atlas/27046acd-924a-4f01-ae53-dd51cb6d8238.png
0x17192aa9ad034d44d99abdcea664c21532e69f865eb7824d10db09e94e7418da,HAMsters,https://storage.googleapis.com/op-atlas/6d6f9a79-a252-4339-9788-d0a6093ec431.png
0x15b210abdc6acfd99e60255792b2b78714f4e8c92c4c5e91b898d48d046212a4,MiniBridge,https://storage.googleapis.com/op-atlas/8c2c966d-c535-4da2-a7e3-21ac6c4c7202.png
0x2a2d2dbfa03619094fbeb6474776f2f3b5f6be443c8576abc6f3caa2c18dc45e,Morkie,https://storage.googleapis.com/op-atlas/6cbf5d67-a229-4902-ba3b-028746070e70.png
0x08df6e20a3cfabbaf8f34d4f4d048fe7da40447c24be0f3ad513db6f13c755dd,Velodrome Finance,https://storage.googleapis.com/op-atlas/438ea57d-059c-4327-82e4-abfc94544bad.png
0x4f9ef6f8a732858918de5e9e53a4a5a344aecbe62562946a3078d507d1d15cc0,40acres.finance,https://storage.googleapis.com/op-atlas/6979e863-b8be-4d12-ae89-7241bd021d44.png
0x9c691ba3012549259099205cc1a7ca4d09d9b7a24a1b7b821b52c7bf1c9b89f4,Origin Protocol,https://cdn.charmverse.io/user-content/3afa9f65-190f-437f-8bfc-6a135e8cfb8c/4f87cb5d-fbd3-4806-9153-066b6a983c82/OETH.png
0x692340d3ec51f53411126f8247003e2b87b113cfdf4a322b4e38d6bbe5822c5f,MemeWallet,https://storage.googleapis.com/op-atlas/5f35b085-b886-4ea1-9d6d-c8ee2aba6650.png
0x819775803938d78eaa95809971ce94cae6a54b4df58505fa36153ffa1d55e12c,Vscode Solidity Extension,https://storage.googleapis.com/op-atlas/006b0fd3-9e23-4192-98d6-08e561da809e.png
0xf839a585342327848d4541a6fcc315404e879537a60a1370f2cd45a94283a1ba,Dappnode,https://storage.googleapis.com/op-atlas/69817332-d0d8-41e4-98bf-d691ac36a92f.png
0xf4f7d13f2ac3c9805998d8540950883b872d7c5d7c81d6254dde8655af690b2a,evmc,https://storage.googleapis.com/op-atlas/69817332-d0d8-41e4-98bf-d691ac36a92f.png
0xdc28e29764ca79368f426f106458f2c427392e32d088b04f4c372ab51b25d2cf,Meson Finance,https://storage.googleapis.com/op-atlas/fce96f4a-8ccc-4997-94b3-eb404e67aa52.png
0x182f5a5c04ccdc4739ee9f362af72d7a0f55d6b410cc9dc2b52dc7f99f06f3f9,far.quest - Farcaster Super App,https://storage.googleapis.com/op-atlas/9988fbce-661d-4238-8842-b3288b96292a.png
0xf6d85abeac025b1e33f6ae3402557762e65cc437d0a3d03673d71a4d1236f8f4,Robots.Farm,https://storage.googleapis.com/op-atlas/92b0df50-e00c-41cf-a7b2-f16ba76b5b81.png
0xa790f0641e8d72abc88efd13ca215e2dc7e736a4a59ca5a9e0020af29d6297f2,Crytic-Properties,https://storage.googleapis.com/op-atlas/eebeffeb-5b4e-4e8f-a8d9-09718da38b40.png
0x512e27ae7e194a31bbde426c25d78b5d43916192674d71a0c4deeea1c622f166,motoDEX,https://storage.googleapis.com/op-atlas/d52834c2-a841-4df3-bb94-8d4cbfdd4c44.png
0xc938557155993da8f33857e52d7deb04421d1bb341fc24216563aae64fe32d36,BSX,https://storage.googleapis.com/op-atlas/92710414-6f3f-44cf-82f4-8c696a0c8589.png
0x7f0e98c70d1401fb100dc804f28743bb567a2fee12315f52300113df514b7bd3,SuperBoring,https://storage.googleapis.com/op-atlas/658c24a7-c52d-4713-be38-e2f42d8780ed.png
0xf9513b5bfca3be3513450bd56b48ae485ce157aa56c1d8b2e06a68bce0b8d084,LeverageX by Javsphere,https://storage.googleapis.com/op-atlas/a4298742-e7f5-4995-b8a9-17e5fe9caff8.png
0xc3a50c1784f3ac4fc8ae72d07cf0bfcf933e3d23ffb5a3ab46263182a098e617,remx.xyz,https://storage.googleapis.com/op-atlas/fe370158-3113-41f5-85db-9210e9a6134f.png
0x63d14cd07db0f56a91cb2f8972a29a225d24ea739034597f7c3e22f53817f7a8,Unimon,https://storage.googleapis.com/op-atlas/c8744665-18ee-43fc-a58b-0bc4fde7a2ba.png
0x7a4bb37bc7997b8e9b34775164682ff1f441b716cd235f2e7cdce76677b66007,zkCodex,https://storage.googleapis.com/op-atlas/89825b92-1ec4-4b91-a8a6-0060c3fe354a.png
0x7262ed9c020b3b41ac7ba405aab4ff37575f8b6f975ebed2e65554a08419f8f4,Sablier,https://storage.googleapis.com/op-atlas/20c7de34-df77-473b-8eba-d375fc967bc8.png
0xe11a4f107e474ae204a45e4f674f6d422f2230c9675f9ebfba1eb2af217c2d1b,Eat The Pie,https://storage.googleapis.com/op-atlas/7d343ef5-5663-4093-b05d-5cfb476e3c8f.png
0x2e0e80846b4d52b126f3c9a20a01876bbcb80de67befe916870c5d8736af6c2a,Builder Score,https://storage.googleapis.com/op-atlas/877582d1-5dfb-48fb-afaa-e4f53ff4bc4e.png
0x6435c8574014275b1d554a3ab9dd85f775fa3563258ce855d6aeb07e7918f6e5,Hypersub,https://storage.googleapis.com/op-atlas/11f93dad-5436-42d7-972f-49b3a6f7bca5.png
0xc0901c8f9503f0bf91a1cca0c6c90e55af8719cc2237fb4a0bf0770b307cbd11,Basepaint,https://storage.googleapis.com/op-atlas/adb51b0e-3758-46d2-ae67-e7e8ee46c922.png
0x6fc25d7c763441933c53333f0f9105b37cc74d88f21ef61b3b7eaf94cba45bfb,Amped Finance,https://storage.googleapis.com/op-atlas/19ee7010-9291-484a-829f-60e083d9c670.png
0xe6371e0b190ff5db00617519599cbbafe719db0386e42a0af106b8c7f9161b63,NERZO,https://cdn.charmverse.io/user-content/538968af-5f03-49ca-b0a7-6762f779696b/7e1babfd-4adf-4117-a60e-12581294fa1e/Bro-logo-04.png
0x4eaa0df4cfbda85126db57a231598d33c283b8aacf3a441539877ce7e17be22a,daos.world,https://storage.googleapis.com/op-atlas/68d14e69-c3de-486e-912e-1380a90cd9dc.png
0xe13ef8130233ba5feca029110f3abf30cb33f7efe2d915ba7e536200b67fe0bf,Glo Dollar,https://storage.googleapis.com/op-atlas/18a3307b-91c3-4a74-b07a-0f90bfeeef50.png