ProjectID,Project name,OP Amount,Total downstream TXs,Txs Jan,Txs Feb,Txs March,Txs April,Txs Mai,TXs June,Top Users,All Users,Logo
0x4c9626843c4e3f3c96d80b0ec6b1d10b7682fc9b6d67ab61ece5a87648535b1f,ethereum-bloom-filters,143813.16,143813.16,1000,2000,3000,4000,5000,6000,"[""0x9d9162fac637991d2a56da8fbe03dba24c87eb82d47c7a00b921e39e956f8a9d"",""0x4288aacdda65af69c03b2c9b9d057e2b93ed1b7671e481b03c6a7b33349d2365"",""0x3061b642db56c507e265f03029735b0413a613bda43456a31e78128baeb18754""]","[""Velodrome"",""Lyra"",""Thales"",""Perpetual Protocol"",""Polynomial"",""Kwenta"",""Stargate Finance"",""Hop Protocol"", ""Across Protocol"",""Chainlink"", ""Synapse"",""Socket"",""Superchain Registry"",""Aave"",""Curve"", ""dForce"",""Granary"",""Hundred Finance"",""Sonne Finance"", ""Exactly"",""Rubicon""]",https://storage.googleapis.com/op-atlas/d21bd2f0-91b0-4e80-9e33-b1c21501a4e8.png
0x62d9a8a3b602c688610abfbe3965e04ca0d19c5c506f40e79cd185cb501d2018,noble cryptography,104735.25,104735.25,1000,2000,3000,4000,5000,6000,"[""0x9d9162fac637991d2a56da8fbe03dba24c87eb82d47c7a00b921e39e956f8a9d"",""0x4288aacdda65af69c03b2c9b9d057e2b93ed1b7671e481b03c6a7b33349d2365"",""0x3061b642db56c507e265f03029735b0413a613bda43456a31e78128baeb18754""]","[""Velodrome"",""Lyra"",""Thales"",""Perpetual Protocol"",""Polynomial"",""Kwenta"",""Stargate Finance"",""Hop Protocol"", ""Across Protocol"",""Chainlink"", ""Synapse"",""Socket"",""Superchain Registry"",""Aave"",""Curve"", ""dForce"",""Granary"",""Hundred Finance"",""Sonne Finance"", ""Exactly"",""Rubicon""]",https://storage.googleapis.com/op-atlas/d21bd2f0-91b0-4e80-9e33-b1c21501a4e8.png
0xc2d8139cd61ddc75689610ee0cca0fe37ba8bec3270beb6aac6eac91c6256f60,hardhat-gas-reporter,113706.24,113706.24,1000,2000,3000,4000,5000,6000,"[""0x9d9162fac637991d2a56da8fbe03dba24c87eb82d47c7a00b921e39e956f8a9d"",""0x4288aacdda65af69c03b2c9b9d057e2b93ed1b7671e481b03c6a7b33349d2365"",""0x3061b642db56c507e265f03029735b0413a613bda43456a31e78128baeb18754""]","[""Velodrome"",""Lyra"",""Thales"",""Perpetual Protocol"",""Polynomial"",""Kwenta"",""Stargate Finance"",""Hop Protocol"", ""Across Protocol"",""Chainlink"", ""Synapse"",""Socket"",""Superchain Registry"",""Aave"",""Curve"", ""dForce"",""Granary"",""Hundred Finance"",""Sonne Finance"", ""Exactly"",""Rubicon""]",https://storage.googleapis.com/op-atlas/08754b7b-75c3-436b-ad66-bdf4b4261895.png
0xfa7d950cfda2c634b052b6c07e75daaa95dd22ac1f220b6862cfd24221d4cabc,Solhint,134110.06,134110.06,1000,2000,3000,4000,5000,6000,"[""0x9d9162fac637991d2a56da8fbe03dba24c87eb82d47c7a00b921e39e956f8a9d"",""0x4288aacdda65af69c03b2c9b9d057e2b93ed1b7671e481b03c6a7b33349d2365"",""0x3061b642db56c507e265f03029735b0413a613bda43456a31e78128baeb18754""]","[""Velodrome"",""Lyra"",""Thales"",""Perpetual Protocol"",""Polynomial"",""Kwenta"",""Stargate Finance"",""Hop Protocol"", ""Across Protocol"",""Chainlink"", ""Synapse"",""Socket"",""Superchain Registry"",""Aave"",""Curve"", ""dForce"",""Granary"",""Hundred Finance"",""Sonne Finance"", ""Exactly"",""Rubicon""]",https://storage.googleapis.com/op-atlas/8a93267a-39e3-42c9-976f-225753bb43f3.png
0xfc54b4a9c537be25238cba3f05100b733aeee83a3eb3fdae60d651b3b913390c,Multicaller,11784.93,11784.93,1000,2000,3000,4000,5000,6000,"[""0x9d9162fac637991d2a56da8fbe03dba24c87eb82d47c7a00b921e39e956f8a9d"",""0x4288aacdda65af69c03b2c9b9d057e2b93ed1b7671e481b03c6a7b33349d2365"",""0x3061b642db56c507e265f03029735b0413a613bda43456a31e78128baeb18754""]","[""Velodrome"",""Lyra"",""Thales"",""Perpetual Protocol"",""Polynomial"",""Kwenta"",""Stargate Finance"",""Hop Protocol"", ""Across Protocol"",""Chainlink"", ""Synapse"",""Socket"",""Superchain Registry"",""Aave"",""Curve"", ""dForce"",""Granary"",""Hundred Finance"",""Sonne Finance"", ""Exactly"",""Rubicon""]",https://storage.googleapis.com/op-atlas/8362181e-8e95-40d4-bf8d-234f3edaca4c.png
0x7f330267969cf845a983a9d4e7b7dbcca5c700a5191269af377836d109e0bb69,IPFS,119299.8,119299.8,1000,2000,3000,4000,5000,6000,"[""0x9d9162fac637991d2a56da8fbe03dba24c87eb82d47c7a00b921e39e956f8a9d"",""0x4288aacdda65af69c03b2c9b9d057e2b93ed1b7671e481b03c6a7b33349d2365"",""0x3061b642db56c507e265f03029735b0413a613bda43456a31e78128baeb18754""]","[""Velodrome"",""Lyra"",""Thales"",""Perpetual Protocol"",""Polynomial"",""Kwenta"",""Stargate Finance"",""Hop Protocol"", ""Across Protocol"",""Chainlink"", ""Synapse"",""Socket"",""Superchain Registry"",""Aave"",""Curve"", ""dForce"",""Granary"",""Hundred Finance"",""Sonne Finance"", ""Exactly"",""Rubicon""]",https://storage.googleapis.com/op-atlas/fca3aa6c-bdd5-4632-ae64-37b886d50a65.png
0x2bb095e1f297c71da8bd4ee15097abad3b99e299fe14cd6aa704df3f36d0ae22,solidity-coverage,144674,144674,1000,2000,3000,4000,5000,6000,"[""0x9d9162fac637991d2a56da8fbe03dba24c87eb82d47c7a00b921e39e956f8a9d"",""0x4288aacdda65af69c03b2c9b9d057e2b93ed1b7671e481b03c6a7b33349d2365"",""0x3061b642db56c507e265f03029735b0413a613bda43456a31e78128baeb18754""]","[""Velodrome"",""Lyra"",""Thales"",""Perpetual Protocol"",""Polynomial"",""Kwenta"",""Stargate Finance"",""Hop Protocol"", ""Across Protocol"",""Chainlink"", ""Synapse"",""Socket"",""Superchain Registry"",""Aave"",""Curve"", ""dForce"",""Granary"",""Hundred Finance"",""Sonne Finance"", ""Exactly"",""Rubicon""]",https://storage.googleapis.com/op-atlas/bd692393-7f1a-4b91-9887-73f7c3250233.png
0x517eaa9c56951de89261f2d7830ea49aae92f2a903104a17d9c5c2edd4959806,LI.FI,57652.56,57652.56,1000,2000,3000,4000,5000,6000,"[""0x9d9162fac637991d2a56da8fbe03dba24c87eb82d47c7a00b921e39e956f8a9d"",""0x4288aacdda65af69c03b2c9b9d057e2b93ed1b7671e481b03c6a7b33349d2365"",""0x3061b642db56c507e265f03029735b0413a613bda43456a31e78128baeb18754""]","[""Velodrome"",""Lyra"",""Thales"",""Perpetual Protocol"",""Polynomial"",""Kwenta"",""Stargate Finance"",""Hop Protocol"", ""Across Protocol"",""Chainlink"", ""Synapse"",""Socket"",""Superchain Registry"",""Aave"",""Curve"", ""dForce"",""Granary"",""Hundred Finance"",""Sonne Finance"", ""Exactly"",""Rubicon""]",https://storage.googleapis.com/op-atlas/4906b988-6024-421e-a706-d01bc508e736.png
0xc377ed1b705bcc856a628f961f1e7c8ca943e6f3727b7c179c657e227e8e852c,MerkleTreeJS,79106.87,79106.87,1000,2000,3000,4000,5000,6000,"[""0x9d9162fac637991d2a56da8fbe03dba24c87eb82d47c7a00b921e39e956f8a9d"",""0x4288aacdda65af69c03b2c9b9d057e2b93ed1b7671e481b03c6a7b33349d2365"",""0x3061b642db56c507e265f03029735b0413a613bda43456a31e78128baeb18754""]","[""Velodrome"",""Lyra"",""Thales"",""Perpetual Protocol"",""Polynomial"",""Kwenta"",""Stargate Finance"",""Hop Protocol"", ""Across Protocol"",""Chainlink"", ""Synapse"",""Socket"",""Superchain Registry"",""Aave"",""Curve"", ""dForce"",""Granary"",""Hundred Finance"",""Sonne Finance"", ""Exactly"",""Rubicon""]",https://storage.googleapis.com/op-atlas/a98b7fe6-9d08-49e4-b764-5470e14ea3aa.png
0x08df6e20a3cfabbaf8f34d4f4d048fe7da40447c24be0f3ad513db6f13c755dd,Velodrome Finance,3068.53,3068.53,1000,2000,3000,4000,5000,6000,"[""0x9d9162fac637991d2a56da8fbe03dba24c87eb82d47c7a00b921e39e956f8a9d"",""0x4288aacdda65af69c03b2c9b9d057e2b93ed1b7671e481b03c6a7b33349d2365"",""0x3061b642db56c507e265f03029735b0413a613bda43456a31e78128baeb18754""]","[""Velodrome"",""Lyra"",""Thales"",""Perpetual Protocol"",""Polynomial"",""Kwenta"",""Stargate Finance"",""Hop Protocol"", ""Across Protocol"",""Chainlink"", ""Synapse"",""Socket"",""Superchain Registry"",""Aave"",""Curve"", ""dForce"",""Granary"",""Hundred Finance"",""Sonne Finance"", ""Exactly"",""Rubicon""]",https://storage.googleapis.com/op-atlas/438ea57d-059c-4327-82e4-abfc94544bad.png
0x9b639cc6061e41a1d12adb39619a2fddb7005074cf965a3a6f4eabc6eea31112,Ronan Sandford,131658.88,131658.88,1000,2000,3000,4000,5000,6000,"[""0x9d9162fac637991d2a56da8fbe03dba24c87eb82d47c7a00b921e39e956f8a9d"",""0x4288aacdda65af69c03b2c9b9d057e2b93ed1b7671e481b03c6a7b33349d2365"",""0x3061b642db56c507e265f03029735b0413a613bda43456a31e78128baeb18754""]","[""Velodrome"",""Lyra"",""Thales"",""Perpetual Protocol"",""Polynomial"",""Kwenta"",""Stargate Finance"",""Hop Protocol"", ""Across Protocol"",""Chainlink"", ""Synapse"",""Socket"",""Superchain Registry"",""Aave"",""Curve"", ""dForce"",""Granary"",""Hundred Finance"",""Sonne Finance"", ""Exactly"",""Rubicon""]",https://storage.googleapis.com/op-atlas/4a992d33-6e9c-4395-b6eb-4848be0b3b47.png
0x48220ef1d103189cd918e9290db4c4b99b463ae2817fb5ef0cc54556a7961b6f,keccak256js,22125.26,22125.26,1000,2000,3000,4000,5000,6000,"[""0x9d9162fac637991d2a56da8fbe03dba24c87eb82d47c7a00b921e39e956f8a9d"",""0x4288aacdda65af69c03b2c9b9d057e2b93ed1b7671e481b03c6a7b33349d2365"",""0x3061b642db56c507e265f03029735b0413a613bda43456a31e78128baeb18754""]","[""Velodrome"",""Lyra"",""Thales"",""Perpetual Protocol"",""Polynomial"",""Kwenta"",""Stargate Finance"",""Hop Protocol"", ""Across Protocol"",""Chainlink"", ""Synapse"",""Socket"",""Superchain Registry"",""Aave"",""Curve"", ""dForce"",""Granary"",""Hundred Finance"",""Sonne Finance"", ""Exactly"",""Rubicon""]",https://storage.googleapis.com/op-atlas/b092dff2-6e21-451c-9946-2f02e2986c8f.png
0x5a7e7c7acb21521e99021d746740b368801cbfe531301e50bdbaafdc24a0aac5,js-libp2p,67234.2,67234.2,1000,2000,3000,4000,5000,6000,"[""0x9d9162fac637991d2a56da8fbe03dba24c87eb82d47c7a00b921e39e956f8a9d"",""0x4288aacdda65af69c03b2c9b9d057e2b93ed1b7671e481b03c6a7b33349d2365"",""0x3061b642db56c507e265f03029735b0413a613bda43456a31e78128baeb18754""]","[""Velodrome"",""Lyra"",""Thales"",""Perpetual Protocol"",""Polynomial"",""Kwenta"",""Stargate Finance"",""Hop Protocol"", ""Across Protocol"",""Chainlink"", ""Synapse"",""Socket"",""Superchain Registry"",""Aave"",""Curve"", ""dForce"",""Granary"",""Hundred Finance"",""Sonne Finance"", ""Exactly"",""Rubicon""]",https://storage.googleapis.com/op-atlas/11d09c62-9356-40b2-9cd2-06b98f816bfb.png
0xdf1bb03d08808e2d789f5eac8462bdc560f1bb5b0877f0cf8c66ab53a0bc2f5c,Rust Libp2p,64610.82,64610.82,1000,2000,3000,4000,5000,6000,"[""0x9d9162fac637991d2a56da8fbe03dba24c87eb82d47c7a00b921e39e956f8a9d"",""0x4288aacdda65af69c03b2c9b9d057e2b93ed1b7671e481b03c6a7b33349d2365"",""0x3061b642db56c507e265f03029735b0413a613bda43456a31e78128baeb18754""]","[""Velodrome"",""Lyra"",""Thales"",""Perpetual Protocol"",""Polynomial"",""Kwenta"",""Stargate Finance"",""Hop Protocol"", ""Across Protocol"",""Chainlink"", ""Synapse"",""Socket"",""Superchain Registry"",""Aave"",""Curve"", ""dForce"",""Granary"",""Hundred Finance"",""Sonne Finance"", ""Exactly"",""Rubicon""]",https://storage.googleapis.com/op-atlas/352a5108-5f07-4765-a43d-7ba0b4b27054.png
0xc6052138bbdae5976fa2866f46b0537182d4126c4bb97485738d1b43f2276134,thirdweb,81195.72,81195.72,1000,2000,3000,4000,5000,6000,"[""0x9d9162fac637991d2a56da8fbe03dba24c87eb82d47c7a00b921e39e956f8a9d"",""0x4288aacdda65af69c03b2c9b9d057e2b93ed1b7671e481b03c6a7b33349d2365"",""0x3061b642db56c507e265f03029735b0413a613bda43456a31e78128baeb18754""]","[""Velodrome"",""Lyra"",""Thales"",""Perpetual Protocol"",""Polynomial"",""Kwenta"",""Stargate Finance"",""Hop Protocol"", ""Across Protocol"",""Chainlink"", ""Synapse"",""Socket"",""Superchain Registry"",""Aave"",""Curve"", ""dForce"",""Granary"",""Hundred Finance"",""Sonne Finance"", ""Exactly"",""Rubicon""]",https://storage.googleapis.com/op-atlas/278ce531-3de6-4f4c-8955-877541c7020b.png
0xd63cb23c26cc3bda03b1cc2971589fd26c9d22f3bbc8f1ff2bb74613e6d1c36d,Solidity Bytes Arrays Utils Library,49981.77,49981.77,1000,2000,3000,4000,5000,6000,"[""0x9d9162fac637991d2a56da8fbe03dba24c87eb82d47c7a00b921e39e956f8a9d"",""0x4288aacdda65af69c03b2c9b9d057e2b93ed1b7671e481b03c6a7b33349d2365"",""0x3061b642db56c507e265f03029735b0413a613bda43456a31e78128baeb18754""]","[""Velodrome"",""Lyra"",""Thales"",""Perpetual Protocol"",""Polynomial"",""Kwenta"",""Stargate Finance"",""Hop Protocol"", ""Across Protocol"",""Chainlink"", ""Synapse"",""Socket"",""Superchain Registry"",""Aave"",""Curve"", ""dForce"",""Granary"",""Hundred Finance"",""Sonne Finance"", ""Exactly"",""Rubicon""]",https://storage.googleapis.com/op-atlas/aa1c84f1-cd10-420c-a730-576e9e1ca7fd.png
0x7697147650b4b717ce5675982f2102da7c030498628fe37e3f403f875622b7f7,Gelato Relay SDK,6141.48,6141.48,1000,2000,3000,4000,5000,6000,"[""0x9d9162fac637991d2a56da8fbe03dba24c87eb82d47c7a00b921e39e956f8a9d"",""0x4288aacdda65af69c03b2c9b9d057e2b93ed1b7671e481b03c6a7b33349d2365"",""0x3061b642db56c507e265f03029735b0413a613bda43456a31e78128baeb18754""]","[""Velodrome"",""Lyra"",""Thales"",""Perpetual Protocol"",""Polynomial"",""Kwenta"",""Stargate Finance"",""Hop Protocol"", ""Across Protocol"",""Chainlink"", ""Synapse"",""Socket"",""Superchain Registry"",""Aave"",""Curve"", ""dForce"",""Granary"",""Hundred Finance"",""Sonne Finance"", ""Exactly"",""Rubicon""]",https://storage.googleapis.com/op-atlas/aa1c84f1-cd10-420c-a730-576e9e1ca7fd.png
0xc71faa1bcb4ceb785816c3f22823377e9e5e7c48649badd9f0a0ce491f20d4b3,go-libp2p,51400.01,51400.01,1000,2000,3000,4000,5000,6000,"[""0x9d9162fac637991d2a56da8fbe03dba24c87eb82d47c7a00b921e39e956f8a9d"",""0x4288aacdda65af69c03b2c9b9d057e2b93ed1b7671e481b03c6a7b33349d2365"",""0x3061b642db56c507e265f03029735b0413a613bda43456a31e78128baeb18754""]","[""Velodrome"",""Lyra"",""Thales"",""Perpetual Protocol"",""Polynomial"",""Kwenta"",""Stargate Finance"",""Hop Protocol"", ""Across Protocol"",""Chainlink"", ""Synapse"",""Socket"",""Superchain Registry"",""Aave"",""Curve"", ""dForce"",""Granary"",""Hundred Finance"",""Sonne Finance"", ""Exactly"",""Rubicon""]",https://storage.googleapis.com/op-atlas/277d8353-44c4-4e16-a2bd-2dfb3fb9e65f.png
0xa88844cea135382e3484e39c3172033437121b35ca0bc8b10b9b8253984876b5,Ethereum Attestation Service (EAS),43066.17,43066.17,1000,2000,3000,4000,5000,6000,"[""0x9d9162fac637991d2a56da8fbe03dba24c87eb82d47c7a00b921e39e956f8a9d"",""0x4288aacdda65af69c03b2c9b9d057e2b93ed1b7671e481b03c6a7b33349d2365"",""0x3061b642db56c507e265f03029735b0413a613bda43456a31e78128baeb18754""]","[""Velodrome"",""Lyra"",""Thales"",""Perpetual Protocol"",""Polynomial"",""Kwenta"",""Stargate Finance"",""Hop Protocol"", ""Across Protocol"",""Chainlink"", ""Synapse"",""Socket"",""Superchain Registry"",""Aave"",""Curve"", ""dForce"",""Granary"",""Hundred Finance"",""Sonne Finance"", ""Exactly"",""Rubicon""]",https://storage.googleapis.com/op-atlas/e74ff6ef-578b-4dcb-b155-e663822b2f94.png
0xf46bb7a4597826d57ce9ef1579b7a11079dccfd8510770ad64b2e5a801d8ff27,ethers-multicall-provider,16987.81,16987.81,1000,2000,3000,4000,5000,6000,"[""0x9d9162fac637991d2a56da8fbe03dba24c87eb82d47c7a00b921e39e956f8a9d"",""0x4288aacdda65af69c03b2c9b9d057e2b93ed1b7671e481b03c6a7b33349d2365"",""0x3061b642db56c507e265f03029735b0413a613bda43456a31e78128baeb18754""]","[""Velodrome"",""Lyra"",""Thales"",""Perpetual Protocol"",""Polynomial"",""Kwenta"",""Stargate Finance"",""Hop Protocol"", ""Across Protocol"",""Chainlink"", ""Synapse"",""Socket"",""Superchain Registry"",""Aave"",""Curve"", ""dForce"",""Granary"",""Hundred Finance"",""Sonne Finance"", ""Exactly"",""Rubicon""]",https://storage.googleapis.com/op-atlas/e74ff6ef-578b-4dcb-b155-e663822b2f94.png
0x537097f27d55cb52d39b95c3ed65076349ab68aac48051d742d715456e0884d8,xdeployer,32120.68,32120.68,1000,2000,3000,4000,5000,6000,"[""0x9d9162fac637991d2a56da8fbe03dba24c87eb82d47c7a00b921e39e956f8a9d"",""0x4288aacdda65af69c03b2c9b9d057e2b93ed1b7671e481b03c6a7b33349d2365"",""0x3061b642db56c507e265f03029735b0413a613bda43456a31e78128baeb18754""]","[""Velodrome"",""Lyra"",""Thales"",""Perpetual Protocol"",""Polynomial"",""Kwenta"",""Stargate Finance"",""Hop Protocol"", ""Across Protocol"",""Chainlink"", ""Synapse"",""Socket"",""Superchain Registry"",""Aave"",""Curve"", ""dForce"",""Granary"",""Hundred Finance"",""Sonne Finance"", ""Exactly"",""Rubicon""]",https://storage.googleapis.com/op-atlas/ce1dd7d2-ed08-45f9-adf0-1934ae5dc396.png
0x5c0234455c4b86b05ed0c612ac0d7e53cd2249686305af9b2184190b781b8063,Surl,7059.01,7059.01,1000,2000,3000,4000,5000,6000,"[""0x9d9162fac637991d2a56da8fbe03dba24c87eb82d47c7a00b921e39e956f8a9d"",""0x4288aacdda65af69c03b2c9b9d057e2b93ed1b7671e481b03c6a7b33349d2365"",""0x3061b642db56c507e265f03029735b0413a613bda43456a31e78128baeb18754""]","[""Velodrome"",""Lyra"",""Thales"",""Perpetual Protocol"",""Polynomial"",""Kwenta"",""Stargate Finance"",""Hop Protocol"", ""Across Protocol"",""Chainlink"", ""Synapse"",""Socket"",""Superchain Registry"",""Aave"",""Curve"", ""dForce"",""Granary"",""Hundred Finance"",""Sonne Finance"", ""Exactly"",""Rubicon""]",https://storage.googleapis.com/op-atlas/9379802f-3bc8-4e72-a0ad-f4a267ef4d42.png
0x9ca1f7b0e0d10d3bd2619e51a54f2e4175e029c87a2944cf1ebc89164ba77ea0,Vyper,44553.1,44553.1,1000,2000,3000,4000,5000,6000,"[""0x9d9162fac637991d2a56da8fbe03dba24c87eb82d47c7a00b921e39e956f8a9d"",""0x4288aacdda65af69c03b2c9b9d057e2b93ed1b7671e481b03c6a7b33349d2365"",""0x3061b642db56c507e265f03029735b0413a613bda43456a31e78128baeb18754""]","[""Velodrome"",""Lyra"",""Thales"",""Perpetual Protocol"",""Polynomial"",""Kwenta"",""Stargate Finance"",""Hop Protocol"", ""Across Protocol"",""Chainlink"", ""Synapse"",""Socket"",""Superchain Registry"",""Aave"",""Curve"", ""dForce"",""Granary"",""Hundred Finance"",""Sonne Finance"", ""Exactly"",""Rubicon""]",https://cdn.charmverse.io/user-content/5302de23-eae6-4cda-97aa-25fefd829726/9aa6f15f-e32a-4bca-a40a-5b1e1122babb/2024-06-11_23-25.png
0x351967474a454b494260a488f3ceb77d993580a4fe79fb6b6d132c70634bc516,Ponder,85070.42,85070.42,1000,2000,3000,4000,5000,6000,"[""0x9d9162fac637991d2a56da8fbe03dba24c87eb82d47c7a00b921e39e956f8a9d"",""0x4288aacdda65af69c03b2c9b9d057e2b93ed1b7671e481b03c6a7b33349d2365"",""0x3061b642db56c507e265f03029735b0413a613bda43456a31e78128baeb18754""]","[""Velodrome"",""Lyra"",""Thales"",""Perpetual Protocol"",""Polynomial"",""Kwenta"",""Stargate Finance"",""Hop Protocol"", ""Across Protocol"",""Chainlink"", ""Synapse"",""Socket"",""Superchain Registry"",""Aave"",""Curve"", ""dForce"",""Granary"",""Hundred Finance"",""Sonne Finance"", ""Exactly"",""Rubicon""]",https://storage.googleapis.com/op-atlas/8da31052-61ab-40c2-a9b6-18b0dd37824e.png
0x51cda5996ef1a2ccd8fcf4ee5792337695599454c83eb1218c3ad4388dcb5bf5,Sourcify,9475.86,9475.86,1000,2000,3000,4000,5000,6000,"[""0x9d9162fac637991d2a56da8fbe03dba24c87eb82d47c7a00b921e39e956f8a9d"",""0x4288aacdda65af69c03b2c9b9d057e2b93ed1b7671e481b03c6a7b33349d2365"",""0x3061b642db56c507e265f03029735b0413a613bda43456a31e78128baeb18754""]","[""Velodrome"",""Lyra"",""Thales"",""Perpetual Protocol"",""Polynomial"",""Kwenta"",""Stargate Finance"",""Hop Protocol"", ""Across Protocol"",""Chainlink"", ""Synapse"",""Socket"",""Superchain Registry"",""Aave"",""Curve"", ""dForce"",""Granary"",""Hundred Finance"",""Sonne Finance"", ""Exactly"",""Rubicon""]",https://storage.googleapis.com/op-atlas/f219ada1-9d7d-4d1c-8a90-ea1b09eda31f.png
0x202a80f0f57630d04a26464d6492b3399059ca1187943032c37652eb2468a76f,Titanoboa,34006.97,34006.97,1000,2000,3000,4000,5000,6000,"[""0x9d9162fac637991d2a56da8fbe03dba24c87eb82d47c7a00b921e39e956f8a9d"",""0x4288aacdda65af69c03b2c9b9d057e2b93ed1b7671e481b03c6a7b33349d2365"",""0x3061b642db56c507e265f03029735b0413a613bda43456a31e78128baeb18754""]","[""Velodrome"",""Lyra"",""Thales"",""Perpetual Protocol"",""Polynomial"",""Kwenta"",""Stargate Finance"",""Hop Protocol"", ""Across Protocol"",""Chainlink"", ""Synapse"",""Socket"",""Superchain Registry"",""Aave"",""Curve"", ""dForce"",""Granary"",""Hundred Finance"",""Sonne Finance"", ""Exactly"",""Rubicon""]",https://storage.googleapis.com/op-atlas/2e9723d3-7b53-473c-b93c-87b2c7a72055.png
0xb024f6abfa79f7eb7af334f56015509bb70355709991d31bc689c7bea3250f7e,foundry-gas-diff,2478.15,2478.15,1000,2000,3000,4000,5000,6000,"[""0x9d9162fac637991d2a56da8fbe03dba24c87eb82d47c7a00b921e39e956f8a9d"",""0x4288aacdda65af69c03b2c9b9d057e2b93ed1b7671e481b03c6a7b33349d2365"",""0x3061b642db56c507e265f03029735b0413a613bda43456a31e78128baeb18754""]","[""Velodrome"",""Lyra"",""Thales"",""Perpetual Protocol"",""Polynomial"",""Kwenta"",""Stargate Finance"",""Hop Protocol"", ""Across Protocol"",""Chainlink"", ""Synapse"",""Socket"",""Superchain Registry"",""Aave"",""Curve"", ""dForce"",""Granary"",""Hundred Finance"",""Sonne Finance"", ""Exactly"",""Rubicon""]",https://storage.googleapis.com/op-atlas/e74ff6ef-578b-4dcb-b155-e663822b2f94.png
0x50159544ec22884b777a997a625c75bb02e55b1dc8934aad3b78678e7c11d039,üêç snekmate,38664.6,38664.6,1000,2000,3000,4000,5000,6000,"[""0x9d9162fac637991d2a56da8fbe03dba24c87eb82d47c7a00b921e39e956f8a9d"",""0x4288aacdda65af69c03b2c9b9d057e2b93ed1b7671e481b03c6a7b33349d2365"",""0x3061b642db56c507e265f03029735b0413a613bda43456a31e78128baeb18754""]","[""Velodrome"",""Lyra"",""Thales"",""Perpetual Protocol"",""Polynomial"",""Kwenta"",""Stargate Finance"",""Hop Protocol"", ""Across Protocol"",""Chainlink"", ""Synapse"",""Socket"",""Superchain Registry"",""Aave"",""Curve"", ""dForce"",""Granary"",""Hundred Finance"",""Sonne Finance"", ""Exactly"",""Rubicon""]",https://storage.googleapis.com/op-atlas/baed8e76-d872-4218-9648-9bb5700dabc9.png
0x2247247c751707d897f5c0eab670426d9c1c26d84e96ac226004afbf0080cba4,Rundler,3399.75,3399.75,1000,2000,3000,4000,5000,6000,"[""0x9d9162fac637991d2a56da8fbe03dba24c87eb82d47c7a00b921e39e956f8a9d"",""0x4288aacdda65af69c03b2c9b9d057e2b93ed1b7671e481b03c6a7b33349d2365"",""0x3061b642db56c507e265f03029735b0413a613bda43456a31e78128baeb18754""]","[""Velodrome"",""Lyra"",""Thales"",""Perpetual Protocol"",""Polynomial"",""Kwenta"",""Stargate Finance"",""Hop Protocol"", ""Across Protocol"",""Chainlink"", ""Synapse"",""Socket"",""Superchain Registry"",""Aave"",""Curve"", ""dForce"",""Granary"",""Hundred Finance"",""Sonne Finance"", ""Exactly"",""Rubicon""]",https://storage.googleapis.com/op-atlas/7e5161c3-ab8c-44e9-97b9-a957fa9cb7a2.png
0x09b95c7697625da4915338750c5f78446817a3634cb38bc9155e26bbbc0c87f1,Maintaining simple-optimism-node,6855.01,6855.01,1000,2000,3000,4000,5000,6000,"[""0x9d9162fac637991d2a56da8fbe03dba24c87eb82d47c7a00b921e39e956f8a9d"",""0x4288aacdda65af69c03b2c9b9d057e2b93ed1b7671e481b03c6a7b33349d2365"",""0x3061b642db56c507e265f03029735b0413a613bda43456a31e78128baeb18754""]","[""Velodrome"",""Lyra"",""Thales"",""Perpetual Protocol"",""Polynomial"",""Kwenta"",""Stargate Finance"",""Hop Protocol"", ""Across Protocol"",""Chainlink"", ""Synapse"",""Socket"",""Superchain Registry"",""Aave"",""Curve"", ""dForce"",""Granary"",""Hundred Finance"",""Sonne Finance"", ""Exactly"",""Rubicon""]",https://storage.googleapis.com/op-atlas/88286a99-4f87-423a-8d13-2ed8ebe4f47c.png
0xa7d78d566bfa319479ec048c94c3d8c1f4d628a9344ba157fc4974dbf472dc3e,Aderyn,8484.32,8484.32,1000,2000,3000,4000,5000,6000,"[""0x9d9162fac637991d2a56da8fbe03dba24c87eb82d47c7a00b921e39e956f8a9d"",""0x4288aacdda65af69c03b2c9b9d057e2b93ed1b7671e481b03c6a7b33349d2365"",""0x3061b642db56c507e265f03029735b0413a613bda43456a31e78128baeb18754""]","[""Velodrome"",""Lyra"",""Thales"",""Perpetual Protocol"",""Polynomial"",""Kwenta"",""Stargate Finance"",""Hop Protocol"", ""Across Protocol"",""Chainlink"", ""Synapse"",""Socket"",""Superchain Registry"",""Aave"",""Curve"", ""dForce"",""Granary"",""Hundred Finance"",""Sonne Finance"", ""Exactly"",""Rubicon""]",https://storage.googleapis.com/op-atlas/fba2bac1-d14f-4480-899e-4def0258076b.png
0xf4f7d13f2ac3c9805998d8540950883b872d7c5d7c81d6254dde8655af690b2a,evmc,1251.7,1251.7,1000,2000,3000,4000,5000,6000,"[""0x9d9162fac637991d2a56da8fbe03dba24c87eb82d47c7a00b921e39e956f8a9d"",""0x4288aacdda65af69c03b2c9b9d057e2b93ed1b7671e481b03c6a7b33349d2365"",""0x3061b642db56c507e265f03029735b0413a613bda43456a31e78128baeb18754""]","[""Velodrome"",""Lyra"",""Thales"",""Perpetual Protocol"",""Polynomial"",""Kwenta"",""Stargate Finance"",""Hop Protocol"", ""Across Protocol"",""Chainlink"", ""Synapse"",""Socket"",""Superchain Registry"",""Aave"",""Curve"", ""dForce"",""Granary"",""Hundred Finance"",""Sonne Finance"", ""Exactly"",""Rubicon""]",https://storage.googleapis.com/op-atlas/e74ff6ef-578b-4dcb-b155-e663822b2f94.png
0x93c4efb5e2d7416c56ecdcd8244be8faf924194d65b514d90a7a51f6797cc012,Swiss-Knife.xyz,7210.86,7210.86,1000,2000,3000,4000,5000,6000,"[""0x9d9162fac637991d2a56da8fbe03dba24c87eb82d47c7a00b921e39e956f8a9d"",""0x4288aacdda65af69c03b2c9b9d057e2b93ed1b7671e481b03c6a7b33349d2365"",""0x3061b642db56c507e265f03029735b0413a613bda43456a31e78128baeb18754""]","[""Velodrome"",""Lyra"",""Thales"",""Perpetual Protocol"",""Polynomial"",""Kwenta"",""Stargate Finance"",""Hop Protocol"", ""Across Protocol"",""Chainlink"", ""Synapse"",""Socket"",""Superchain Registry"",""Aave"",""Curve"", ""dForce"",""Granary"",""Hundred Finance"",""Sonne Finance"", ""Exactly"",""Rubicon""]",https://storage.googleapis.com/op-atlas/1eba0c98-3ab5-4bce-b365-607e76aa8778.png
0x850df51e29f2846a5f085d88e6b6fc13fad51ad7161f8a825ed09d470668161a,Party.app + Party Protocol,7196.01,7196.01,1000,2000,3000,4000,5000,6000,"[""0x9d9162fac637991d2a56da8fbe03dba24c87eb82d47c7a00b921e39e956f8a9d"",""0x4288aacdda65af69c03b2c9b9d057e2b93ed1b7671e481b03c6a7b33349d2365"",""0x3061b642db56c507e265f03029735b0413a613bda43456a31e78128baeb18754""]","[""Velodrome"",""Lyra"",""Thales"",""Perpetual Protocol"",""Polynomial"",""Kwenta"",""Stargate Finance"",""Hop Protocol"", ""Across Protocol"",""Chainlink"", ""Synapse"",""Socket"",""Superchain Registry"",""Aave"",""Curve"", ""dForce"",""Granary"",""Hundred Finance"",""Sonne Finance"", ""Exactly"",""Rubicon""]",https://storage.googleapis.com/op-atlas/ff816d35-de0c-4768-af2c-d2c187dab1c1.png
0x670a2982f6d7786b58a8399bcabc23246365b21e533a97945e055791fc235e64,Hardhat,200000.01,200000.01,1000,2000,3000,4000,5000,6000,"[""0x9d9162fac637991d2a56da8fbe03dba24c87eb82d47c7a00b921e39e956f8a9d"",""0x4288aacdda65af69c03b2c9b9d057e2b93ed1b7671e481b03c6a7b33349d2365"",""0x3061b642db56c507e265f03029735b0413a613bda43456a31e78128baeb18754""]","[""Velodrome"",""Lyra"",""Thales"",""Perpetual Protocol"",""Polynomial"",""Kwenta"",""Stargate Finance"",""Hop Protocol"", ""Across Protocol"",""Chainlink"", ""Synapse"",""Socket"",""Superchain Registry"",""Aave"",""Curve"", ""dForce"",""Granary"",""Hundred Finance"",""Sonne Finance"", ""Exactly"",""Rubicon""]",https://storage.googleapis.com/op-atlas/4659da93-959f-4622-bce7-0bf1b3ac0f5c.png
0x6bd057da522918a4675396313ae33a2f2788a1ceeb3bd7ae228015e3eb317a7d,Viem: TypeScript Interface for Ethereum,200000.01,200000.01,1000,2000,3000,4000,5000,6000,"[""0x9d9162fac637991d2a56da8fbe03dba24c87eb82d47c7a00b921e39e956f8a9d"",""0x4288aacdda65af69c03b2c9b9d057e2b93ed1b7671e481b03c6a7b33349d2365"",""0x3061b642db56c507e265f03029735b0413a613bda43456a31e78128baeb18754""]","[""Velodrome"",""Lyra"",""Thales"",""Perpetual Protocol"",""Polynomial"",""Kwenta"",""Stargate Finance"",""Hop Protocol"", ""Across Protocol"",""Chainlink"", ""Synapse"",""Socket"",""Superchain Registry"",""Aave"",""Curve"", ""dForce"",""Granary"",""Hundred Finance"",""Sonne Finance"", ""Exactly"",""Rubicon""]",https://storage.googleapis.com/op-atlas/171f60c2-1e3e-4b0a-998e-4015a7f468f7.png
0x939241afa4c4b9e1dda6b8250baa8f04fa8b0debce738cfd324c0b18f9926d25,OpenZeppelin Contracts,200000.01,200000.01,1000,2000,3000,4000,5000,6000,"[""0x9d9162fac637991d2a56da8fbe03dba24c87eb82d47c7a00b921e39e956f8a9d"",""0x4288aacdda65af69c03b2c9b9d057e2b93ed1b7671e481b03c6a7b33349d2365"",""0x3061b642db56c507e265f03029735b0413a613bda43456a31e78128baeb18754""]","[""Velodrome"",""Lyra"",""Thales"",""Perpetual Protocol"",""Polynomial"",""Kwenta"",""Stargate Finance"",""Hop Protocol"", ""Across Protocol"",""Chainlink"", ""Synapse"",""Socket"",""Superchain Registry"",""Aave"",""Curve"", ""dForce"",""Granary"",""Hundred Finance"",""Sonne Finance"", ""Exactly"",""Rubicon""]",https://storage.googleapis.com/op-atlas/83bab036-91bd-4b9d-a524-dbea2024aa3f.png
0xa3d07f453f70d844196d89d79848aa2e70a0bd8b38bf0f493cba1547bb3bca5e,Ethers.js,200000.01,200000.01,1000,2000,3000,4000,5000,6000,"[""0x9d9162fac637991d2a56da8fbe03dba24c87eb82d47c7a00b921e39e956f8a9d"",""0x4288aacdda65af69c03b2c9b9d057e2b93ed1b7671e481b03c6a7b33349d2365"",""0x3061b642db56c507e265f03029735b0413a613bda43456a31e78128baeb18754""]","[""Velodrome"",""Lyra"",""Thales"",""Perpetual Protocol"",""Polynomial"",""Kwenta"",""Stargate Finance"",""Hop Protocol"", ""Across Protocol"",""Chainlink"", ""Synapse"",""Socket"",""Superchain Registry"",""Aave"",""Curve"", ""dForce"",""Granary"",""Hundred Finance"",""Sonne Finance"", ""Exactly"",""Rubicon""]",https://storage.googleapis.com/op-atlas/f8d776ab-ca70-42ee-9e41-d4f709cd6fd4.png
0xcc8d03e014e121d10602eeff729b755d5dc6a317df0d6302c8a9d3b5424aaba8,Solidity,200000.01,200000.01,1000,2000,3000,4000,5000,6000,"[""0x9d9162fac637991d2a56da8fbe03dba24c87eb82d47c7a00b921e39e956f8a9d"",""0x4288aacdda65af69c03b2c9b9d057e2b93ed1b7671e481b03c6a7b33349d2365"",""0x3061b642db56c507e265f03029735b0413a613bda43456a31e78128baeb18754""]","[""Velodrome"",""Lyra"",""Thales"",""Perpetual Protocol"",""Polynomial"",""Kwenta"",""Stargate Finance"",""Hop Protocol"", ""Across Protocol"",""Chainlink"", ""Synapse"",""Socket"",""Superchain Registry"",""Aave"",""Curve"", ""dForce"",""Granary"",""Hundred Finance"",""Sonne Finance"", ""Exactly"",""Rubicon""]",https://storage.googleapis.com/op-atlas/b6f312d0-1025-4a19-baa9-3aa218fe0833.png
0x9d93ec97ef2d3bd4c2b8d95abac9ce0cf43e4f3eb1f05709f8282da8200e69ee,Frames.js,17950.67,17950.67,1000,2000,3000,4000,5000,6000,"[""0x9d9162fac637991d2a56da8fbe03dba24c87eb82d47c7a00b921e39e956f8a9d"",""0x4288aacdda65af69c03b2c9b9d057e2b93ed1b7671e481b03c6a7b33349d2365"",""0x3061b642db56c507e265f03029735b0413a613bda43456a31e78128baeb18754""]","[""Velodrome"",""Lyra"",""Thales"",""Perpetual Protocol"",""Polynomial"",""Kwenta"",""Stargate Finance"",""Hop Protocol"", ""Across Protocol"",""Chainlink"", ""Synapse"",""Socket"",""Superchain Registry"",""Aave"",""Curve"", ""dForce"",""Granary"",""Hundred Finance"",""Sonne Finance"", ""Exactly"",""Rubicon""]",https://storage.googleapis.com/op-atlas/e74ff6ef-578b-4dcb-b155-e663822b2f94.png
0x4a5e771af86cf1938056b43cddbf0018dca1376d578f631f7449fe10ac4958ed,Nethereum,2952.76,2952.76,1000,2000,3000,4000,5000,6000,"[""0x9d9162fac637991d2a56da8fbe03dba24c87eb82d47c7a00b921e39e956f8a9d"",""0x4288aacdda65af69c03b2c9b9d057e2b93ed1b7671e481b03c6a7b33349d2365"",""0x3061b642db56c507e265f03029735b0413a613bda43456a31e78128baeb18754""]","[""Velodrome"",""Lyra"",""Thales"",""Perpetual Protocol"",""Polynomial"",""Kwenta"",""Stargate Finance"",""Hop Protocol"", ""Across Protocol"",""Chainlink"", ""Synapse"",""Socket"",""Superchain Registry"",""Aave"",""Curve"", ""dForce"",""Granary"",""Hundred Finance"",""Sonne Finance"", ""Exactly"",""Rubicon""]",https://storage.googleapis.com/op-atlas/e74ff6ef-578b-4dcb-b155-e663822b2f94.png
0x07222a857f4522026d91faec337e3cb8cf6ec5f7afb823e0742e1a6c398b81ff,Impersonator.xyz,1418.48,1418.48,1000,2000,3000,4000,5000,6000,"[""0x9d9162fac637991d2a56da8fbe03dba24c87eb82d47c7a00b921e39e956f8a9d"",""0x4288aacdda65af69c03b2c9b9d057e2b93ed1b7671e481b03c6a7b33349d2365"",""0x3061b642db56c507e265f03029735b0413a613bda43456a31e78128baeb18754""]","[""Velodrome"",""Lyra"",""Thales"",""Perpetual Protocol"",""Polynomial"",""Kwenta"",""Stargate Finance"",""Hop Protocol"", ""Across Protocol"",""Chainlink"", ""Synapse"",""Socket"",""Superchain Registry"",""Aave"",""Curve"", ""dForce"",""Granary"",""Hundred Finance"",""Sonne Finance"", ""Exactly"",""Rubicon""]",https://storage.googleapis.com/op-atlas/e74ff6ef-578b-4dcb-b155-e663822b2f94.png
0xa08c7ab7824d147d6cb87ffb4e86cec454a030d48b8c395bad6d64456be3d911,Aragon OSx,1231.66,1231.66,1000,2000,3000,4000,5000,6000,"[""0x9d9162fac637991d2a56da8fbe03dba24c87eb82d47c7a00b921e39e956f8a9d"",""0x4288aacdda65af69c03b2c9b9d057e2b93ed1b7671e481b03c6a7b33349d2365"",""0x3061b642db56c507e265f03029735b0413a613bda43456a31e78128baeb18754""]","[""Velodrome"",""Lyra"",""Thales"",""Perpetual Protocol"",""Polynomial"",""Kwenta"",""Stargate Finance"",""Hop Protocol"", ""Across Protocol"",""Chainlink"", ""Synapse"",""Socket"",""Superchain Registry"",""Aave"",""Curve"", ""dForce"",""Granary"",""Hundred Finance"",""Sonne Finance"", ""Exactly"",""Rubicon""]",https://storage.googleapis.com/op-atlas/e74ff6ef-578b-4dcb-b155-e663822b2f94.png
0x819775803938d78eaa95809971ce94cae6a54b4df58505fa36153ffa1d55e12c,Vscode Solidity Extension,1886.71,1886.71,1000,2000,3000,4000,5000,6000,"[""0x9d9162fac637991d2a56da8fbe03dba24c87eb82d47c7a00b921e39e956f8a9d"",""0x4288aacdda65af69c03b2c9b9d057e2b93ed1b7671e481b03c6a7b33349d2365"",""0x3061b642db56c507e265f03029735b0413a613bda43456a31e78128baeb18754""]","[""Velodrome"",""Lyra"",""Thales"",""Perpetual Protocol"",""Polynomial"",""Kwenta"",""Stargate Finance"",""Hop Protocol"", ""Across Protocol"",""Chainlink"", ""Synapse"",""Socket"",""Superchain Registry"",""Aave"",""Curve"", ""dForce"",""Granary"",""Hundred Finance"",""Sonne Finance"", ""Exactly"",""Rubicon""]",https://storage.googleapis.com/op-atlas/006b0fd3-9e23-4192-98d6-08e561da809e.png
0x3ec2d572a608cf939eaf7886402320b3b2229610c13bdb5cb0776bd097331e5a,VSCode Solidity Inspector,2731.27,2731.27,1000,2000,3000,4000,5000,6000,"[""0x9d9162fac637991d2a56da8fbe03dba24c87eb82d47c7a00b921e39e956f8a9d"",""0x4288aacdda65af69c03b2c9b9d057e2b93ed1b7671e481b03c6a7b33349d2365"",""0x3061b642db56c507e265f03029735b0413a613bda43456a31e78128baeb18754""]","[""Velodrome"",""Lyra"",""Thales"",""Perpetual Protocol"",""Polynomial"",""Kwenta"",""Stargate Finance"",""Hop Protocol"", ""Across Protocol"",""Chainlink"", ""Synapse"",""Socket"",""Superchain Registry"",""Aave"",""Curve"", ""dForce"",""Granary"",""Hundred Finance"",""Sonne Finance"", ""Exactly"",""Rubicon""]",https://storage.googleapis.com/op-atlas/1e11eb35-ddb5-4385-bf18-2231ce727db9.png
0xf839a585342327848d4541a6fcc315404e879537a60a1370f2cd45a94283a1ba,Dappnode,2332.67,2332.67,1000,2000,3000,4000,5000,6000,"[""0x9d9162fac637991d2a56da8fbe03dba24c87eb82d47c7a00b921e39e956f8a9d"",""0x4288aacdda65af69c03b2c9b9d057e2b93ed1b7671e481b03c6a7b33349d2365"",""0x3061b642db56c507e265f03029735b0413a613bda43456a31e78128baeb18754""]","[""Velodrome"",""Lyra"",""Thales"",""Perpetual Protocol"",""Polynomial"",""Kwenta"",""Stargate Finance"",""Hop Protocol"", ""Across Protocol"",""Chainlink"", ""Synapse"",""Socket"",""Superchain Registry"",""Aave"",""Curve"", ""dForce"",""Granary"",""Hundred Finance"",""Sonne Finance"", ""Exactly"",""Rubicon""]",https://storage.googleapis.com/op-atlas/69817332-d0d8-41e4-98bf-d691ac36a92f.png
0x7348ae42266ff626319e8ea5398343b847603b3cc7101b03d8e4fb2b75ea8db3,Kontrol - formal verification tool based on Foundry and KEVM,3882.27,3882.27,1000,2000,3000,4000,5000,6000,"[""0x9d9162fac637991d2a56da8fbe03dba24c87eb82d47c7a00b921e39e956f8a9d"",""0x4288aacdda65af69c03b2c9b9d057e2b93ed1b7671e481b03c6a7b33349d2365"",""0x3061b642db56c507e265f03029735b0413a613bda43456a31e78128baeb18754""]","[""Velodrome"",""Lyra"",""Thales"",""Perpetual Protocol"",""Polynomial"",""Kwenta"",""Stargate Finance"",""Hop Protocol"", ""Across Protocol"",""Chainlink"", ""Synapse"",""Socket"",""Superchain Registry"",""Aave"",""Curve"", ""dForce"",""Granary"",""Hundred Finance"",""Sonne Finance"", ""Exactly"",""Rubicon""]",https://storage.googleapis.com/op-atlas/1dce415e-060b-4f57-83ed-71ba91207614.png
0xfeafe16f8c1a25aebe754f3653340a17943a483a3e389464e44cf14613e210f0,foundry-storage-check,1417.44,1417.44,1000,2000,3000,4000,5000,6000,"[""0x9d9162fac637991d2a56da8fbe03dba24c87eb82d47c7a00b921e39e956f8a9d"",""0x4288aacdda65af69c03b2c9b9d057e2b93ed1b7671e481b03c6a7b33349d2365"",""0x3061b642db56c507e265f03029735b0413a613bda43456a31e78128baeb18754""]","[""Velodrome"",""Lyra"",""Thales"",""Perpetual Protocol"",""Polynomial"",""Kwenta"",""Stargate Finance"",""Hop Protocol"", ""Across Protocol"",""Chainlink"", ""Synapse"",""Socket"",""Superchain Registry"",""Aave"",""Curve"", ""dForce"",""Granary"",""Hundred Finance"",""Sonne Finance"", ""Exactly"",""Rubicon""]",https://storage.googleapis.com/op-atlas/e74ff6ef-578b-4dcb-b155-e663822b2f94.png
0x2c97e213fef2bd3f30a71edf6ed48232640368d0083dc0a134a1b59391639bde,hevm,2409.26,2409.26,1000,2000,3000,4000,5000,6000,"[""0x9d9162fac637991d2a56da8fbe03dba24c87eb82d47c7a00b921e39e956f8a9d"",""0x4288aacdda65af69c03b2c9b9d057e2b93ed1b7671e481b03c6a7b33349d2365"",""0x3061b642db56c507e265f03029735b0413a613bda43456a31e78128baeb18754""]","[""Velodrome"",""Lyra"",""Thales"",""Perpetual Protocol"",""Polynomial"",""Kwenta"",""Stargate Finance"",""Hop Protocol"", ""Across Protocol"",""Chainlink"", ""Synapse"",""Socket"",""Superchain Registry"",""Aave"",""Curve"", ""dForce"",""Granary"",""Hundred Finance"",""Sonne Finance"", ""Exactly"",""Rubicon""]",https://storage.googleapis.com/op-atlas/d7cf4059-4f9c-48aa-a37a-df2f8c81933c.png
0x513265758a3804184b6a0771d99c1a4b04d3267bacd4b914e89ff991de229f6a,Create2Deployer,3701.82,3701.82,1000,2000,3000,4000,5000,6000,"[""0x9d9162fac637991d2a56da8fbe03dba24c87eb82d47c7a00b921e39e956f8a9d"",""0x4288aacdda65af69c03b2c9b9d057e2b93ed1b7671e481b03c6a7b33349d2365"",""0x3061b642db56c507e265f03029735b0413a613bda43456a31e78128baeb18754""]","[""Velodrome"",""Lyra"",""Thales"",""Perpetual Protocol"",""Polynomial"",""Kwenta"",""Stargate Finance"",""Hop Protocol"", ""Across Protocol"",""Chainlink"", ""Synapse"",""Socket"",""Superchain Registry"",""Aave"",""Curve"", ""dForce"",""Granary"",""Hundred Finance"",""Sonne Finance"", ""Exactly"",""Rubicon""]",https://storage.googleapis.com/op-atlas/ca4f6cbd-5b97-4c22-9e27-446b9e4cd2ff.png
0x17fb589e599fe05e532b90c121eccc55b1249301e783dae226bad698872322da,The Ethernaut,9953.09,9953.09,1000,2000,3000,4000,5000,6000,"[""0x9d9162fac637991d2a56da8fbe03dba24c87eb82d47c7a00b921e39e956f8a9d"",""0x4288aacdda65af69c03b2c9b9d057e2b93ed1b7671e481b03c6a7b33349d2365"",""0x3061b642db56c507e265f03029735b0413a613bda43456a31e78128baeb18754""]","[""Velodrome"",""Lyra"",""Thales"",""Perpetual Protocol"",""Polynomial"",""Kwenta"",""Stargate Finance"",""Hop Protocol"", ""Across Protocol"",""Chainlink"", ""Synapse"",""Socket"",""Superchain Registry"",""Aave"",""Curve"", ""dForce"",""Granary"",""Hundred Finance"",""Sonne Finance"", ""Exactly"",""Rubicon""]",https://storage.googleapis.com/op-atlas/06419654-6022-400a-9670-82ca6e0225fe.png
0xdd81f0fbb21c949e5d67176b22a39cfdc7c774349214a450df78eb31174413db,beaconcha.in,3467.47,3467.47,1000,2000,3000,4000,5000,6000,"[""0x9d9162fac637991d2a56da8fbe03dba24c87eb82d47c7a00b921e39e956f8a9d"",""0x4288aacdda65af69c03b2c9b9d057e2b93ed1b7671e481b03c6a7b33349d2365"",""0x3061b642db56c507e265f03029735b0413a613bda43456a31e78128baeb18754""]","[""Velodrome"",""Lyra"",""Thales"",""Perpetual Protocol"",""Polynomial"",""Kwenta"",""Stargate Finance"",""Hop Protocol"", ""Across Protocol"",""Chainlink"", ""Synapse"",""Socket"",""Superchain Registry"",""Aave"",""Curve"", ""dForce"",""Granary"",""Hundred Finance"",""Sonne Finance"", ""Exactly"",""Rubicon""]",https://storage.googleapis.com/op-atlas/4765fd74-b390-4e94-92a3-3ecd1c85f3e5.png
0xa790f0641e8d72abc88efd13ca215e2dc7e736a4a59ca5a9e0020af29d6297f2,Crytic-Properties,438.92,438.92,1000,2000,3000,4000,5000,6000,"[""0x9d9162fac637991d2a56da8fbe03dba24c87eb82d47c7a00b921e39e956f8a9d"",""0x4288aacdda65af69c03b2c9b9d057e2b93ed1b7671e481b03c6a7b33349d2365"",""0x3061b642db56c507e265f03029735b0413a613bda43456a31e78128baeb18754""]","[""Velodrome"",""Lyra"",""Thales"",""Perpetual Protocol"",""Polynomial"",""Kwenta"",""Stargate Finance"",""Hop Protocol"", ""Across Protocol"",""Chainlink"", ""Synapse"",""Socket"",""Superchain Registry"",""Aave"",""Curve"", ""dForce"",""Granary"",""Hundred Finance"",""Sonne Finance"", ""Exactly"",""Rubicon""]",https://storage.googleapis.com/op-atlas/eebeffeb-5b4e-4e8f-a8d9-09718da38b40.png
0xb2d109759fe14e11ac5cc100ab6006321ebdd7ffdefbd2efac93a002105f8e92,Revm,67696.38,67696.38,1000,2000,3000,4000,5000,6000,"[""0x9d9162fac637991d2a56da8fbe03dba24c87eb82d47c7a00b921e39e956f8a9d"",""0x4288aacdda65af69c03b2c9b9d057e2b93ed1b7671e481b03c6a7b33349d2365"",""0x3061b642db56c507e265f03029735b0413a613bda43456a31e78128baeb18754""]","[""Velodrome"",""Lyra"",""Thales"",""Perpetual Protocol"",""Polynomial"",""Kwenta"",""Stargate Finance"",""Hop Protocol"", ""Across Protocol"",""Chainlink"", ""Synapse"",""Socket"",""Superchain Registry"",""Aave"",""Curve"", ""dForce"",""Granary"",""Hundred Finance"",""Sonne Finance"", ""Exactly"",""Rubicon""]",https://storage.googleapis.com/op-atlas/57aeca37-e53b-4bcb-b161-0608d09e5c62.png
0x66cb156952c9cd26c329a490b1ae9a90167f3067bbea337888b5d70d374959d7,ZK Email,741.19,741.19,1000,2000,3000,4000,5000,6000,"[""0x9d9162fac637991d2a56da8fbe03dba24c87eb82d47c7a00b921e39e956f8a9d"",""0x4288aacdda65af69c03b2c9b9d057e2b93ed1b7671e481b03c6a7b33349d2365"",""0x3061b642db56c507e265f03029735b0413a613bda43456a31e78128baeb18754""]","[""Velodrome"",""Lyra"",""Thales"",""Perpetual Protocol"",""Polynomial"",""Kwenta"",""Stargate Finance"",""Hop Protocol"", ""Across Protocol"",""Chainlink"", ""Synapse"",""Socket"",""Superchain Registry"",""Aave"",""Curve"", ""dForce"",""Granary"",""Hundred Finance"",""Sonne Finance"", ""Exactly"",""Rubicon""]",https://storage.googleapis.com/op-atlas/27046acd-924a-4f01-ae53-dd51cb6d8238.png
0xa0b16714baef75d97ec07fd48eaf42e79df92fe2a3c2d725d2388ede587ea54c,Ape Framework,48577.99,48577.99,1000,2000,3000,4000,5000,6000,"[""0x9d9162fac637991d2a56da8fbe03dba24c87eb82d47c7a00b921e39e956f8a9d"",""0x4288aacdda65af69c03b2c9b9d057e2b93ed1b7671e481b03c6a7b33349d2365"",""0x3061b642db56c507e265f03029735b0413a613bda43456a31e78128baeb18754""]","[""Velodrome"",""Lyra"",""Thales"",""Perpetual Protocol"",""Polynomial"",""Kwenta"",""Stargate Finance"",""Hop Protocol"", ""Across Protocol"",""Chainlink"", ""Synapse"",""Socket"",""Superchain Registry"",""Aave"",""Curve"", ""dForce"",""Granary"",""Hundred Finance"",""Sonne Finance"", ""Exactly"",""Rubicon""]",https://storage.googleapis.com/op-atlas/ab983e5d-4c75-4fc9-9b02-187a4f479c8a.png
0xaed5941b7a9f20de83f5c839bda507be43cbf41777fc623abf4bf05773298826,Otterscan,7976.65,7976.65,1000,2000,3000,4000,5000,6000,"[""0x9d9162fac637991d2a56da8fbe03dba24c87eb82d47c7a00b921e39e956f8a9d"",""0x4288aacdda65af69c03b2c9b9d057e2b93ed1b7671e481b03c6a7b33349d2365"",""0x3061b642db56c507e265f03029735b0413a613bda43456a31e78128baeb18754""]","[""Velodrome"",""Lyra"",""Thales"",""Perpetual Protocol"",""Polynomial"",""Kwenta"",""Stargate Finance"",""Hop Protocol"", ""Across Protocol"",""Chainlink"", ""Synapse"",""Socket"",""Superchain Registry"",""Aave"",""Curve"", ""dForce"",""Granary"",""Hundred Finance"",""Sonne Finance"", ""Exactly"",""Rubicon""]",https://storage.googleapis.com/op-atlas/55a1fffb-dcd9-448b-8e34-9fb4b09a72f7.png
0x37fe5886f4c77d5a5cb947deff90158c045a5d207572763187748ac4dd4bd9b9,ethereum-multicall,56473.58,56473.58,1000,2000,3000,4000,5000,6000,"[""0x9d9162fac637991d2a56da8fbe03dba24c87eb82d47c7a00b921e39e956f8a9d"",""0x4288aacdda65af69c03b2c9b9d057e2b93ed1b7671e481b03c6a7b33349d2365"",""0x3061b642db56c507e265f03029735b0413a613bda43456a31e78128baeb18754""]","[""Velodrome"",""Lyra"",""Thales"",""Perpetual Protocol"",""Polynomial"",""Kwenta"",""Stargate Finance"",""Hop Protocol"", ""Across Protocol"",""Chainlink"", ""Synapse"",""Socket"",""Superchain Registry"",""Aave"",""Curve"", ""dForce"",""Granary"",""Hundred Finance"",""Sonne Finance"", ""Exactly"",""Rubicon""]",https://storage.googleapis.com/op-atlas/e74ff6ef-578b-4dcb-b155-e663822b2f94.png
0x5e6c436e48e56d6d9622ba5d0be0035c314e2b29d2afc8f5f1ee8ac75cd42532,Snapshot,26086.07,26086.07,1000,2000,3000,4000,5000,6000,"[""0x9d9162fac637991d2a56da8fbe03dba24c87eb82d47c7a00b921e39e956f8a9d"",""0x4288aacdda65af69c03b2c9b9d057e2b93ed1b7671e481b03c6a7b33349d2365"",""0x3061b642db56c507e265f03029735b0413a613bda43456a31e78128baeb18754""]","[""Velodrome"",""Lyra"",""Thales"",""Perpetual Protocol"",""Polynomial"",""Kwenta"",""Stargate Finance"",""Hop Protocol"", ""Across Protocol"",""Chainlink"", ""Synapse"",""Socket"",""Superchain Registry"",""Aave"",""Curve"", ""dForce"",""Granary"",""Hundred Finance"",""Sonne Finance"", ""Exactly"",""Rubicon""]",https://storage.googleapis.com/op-atlas/098487bf-4f43-4e5a-8621-9c6368304124.png
0xafb4dc19ccc63057da88110df49234b311044bc73b070041bb8df03e583943ab,Abi Ninja,11231.57,11231.57,1000,2000,3000,4000,5000,6000,"[""0x9d9162fac637991d2a56da8fbe03dba24c87eb82d47c7a00b921e39e956f8a9d"",""0x4288aacdda65af69c03b2c9b9d057e2b93ed1b7671e481b03c6a7b33349d2365"",""0x3061b642db56c507e265f03029735b0413a613bda43456a31e78128baeb18754""]","[""Velodrome"",""Lyra"",""Thales"",""Perpetual Protocol"",""Polynomial"",""Kwenta"",""Stargate Finance"",""Hop Protocol"", ""Across Protocol"",""Chainlink"", ""Synapse"",""Socket"",""Superchain Registry"",""Aave"",""Curve"", ""dForce"",""Granary"",""Hundred Finance"",""Sonne Finance"", ""Exactly"",""Rubicon""]",https://storage.googleapis.com/op-atlas/83588cc2-f155-4b2c-8ff1-1347f2113c4d.png
0x471ef1b671bc421d04640a7fe832365c1aec2d298adc81f03d69a685b7cc894c,Loop Decoder,4085.63,4085.63,1000,2000,3000,4000,5000,6000,"[""0x9d9162fac637991d2a56da8fbe03dba24c87eb82d47c7a00b921e39e956f8a9d"",""0x4288aacdda65af69c03b2c9b9d057e2b93ed1b7671e481b03c6a7b33349d2365"",""0x3061b642db56c507e265f03029735b0413a613bda43456a31e78128baeb18754""]","[""Velodrome"",""Lyra"",""Thales"",""Perpetual Protocol"",""Polynomial"",""Kwenta"",""Stargate Finance"",""Hop Protocol"", ""Across Protocol"",""Chainlink"", ""Synapse"",""Socket"",""Superchain Registry"",""Aave"",""Curve"", ""dForce"",""Granary"",""Hundred Finance"",""Sonne Finance"", ""Exactly"",""Rubicon""]",https://storage.googleapis.com/op-atlas/b852c74f-a247-40dd-8299-90b8c7499c8c.png
0x7e917a2d0718401c9fe2a82f43ea558f5128f251b1e658c76dc7ff9a5e9fd993,PRBMath,48000.19,48000.19,1000,2000,3000,4000,5000,6000,"[""0x9d9162fac637991d2a56da8fbe03dba24c87eb82d47c7a00b921e39e956f8a9d"",""0x4288aacdda65af69c03b2c9b9d057e2b93ed1b7671e481b03c6a7b33349d2365"",""0x3061b642db56c507e265f03029735b0413a613bda43456a31e78128baeb18754""]","[""Velodrome"",""Lyra"",""Thales"",""Perpetual Protocol"",""Polynomial"",""Kwenta"",""Stargate Finance"",""Hop Protocol"", ""Across Protocol"",""Chainlink"", ""Synapse"",""Socket"",""Superchain Registry"",""Aave"",""Curve"", ""dForce"",""Granary"",""Hundred Finance"",""Sonne Finance"", ""Exactly"",""Rubicon""]",https://storage.googleapis.com/op-atlas/527c8bbb-c361-4521-afbf-4396cecd1e3b.png
0x541b7b08401d799b87f583c102a6c94cee7105f1b29dc630de5edbbd966d7c13,Fe Language,8545.32,8545.32,1000,2000,3000,4000,5000,6000,"[""0x9d9162fac637991d2a56da8fbe03dba24c87eb82d47c7a00b921e39e956f8a9d"",""0x4288aacdda65af69c03b2c9b9d057e2b93ed1b7671e481b03c6a7b33349d2365"",""0x3061b642db56c507e265f03029735b0413a613bda43456a31e78128baeb18754""]","[""Velodrome"",""Lyra"",""Thales"",""Perpetual Protocol"",""Polynomial"",""Kwenta"",""Stargate Finance"",""Hop Protocol"", ""Across Protocol"",""Chainlink"", ""Synapse"",""Socket"",""Superchain Registry"",""Aave"",""Curve"", ""dForce"",""Granary"",""Hundred Finance"",""Sonne Finance"", ""Exactly"",""Rubicon""]",https://storage.googleapis.com/op-atlas/05ac5706-2a13-4325-8333-183a730e7797.png
0xc0615947773148cbc340b175fb9afc98dbb4e0acd31d018b1ee41a5538785abf,Wagmi: Reactive primitives for Ethereum apps,198160.52,198160.52,1000,2000,3000,4000,5000,6000,"[""0x9d9162fac637991d2a56da8fbe03dba24c87eb82d47c7a00b921e39e956f8a9d"",""0x4288aacdda65af69c03b2c9b9d057e2b93ed1b7671e481b03c6a7b33349d2365"",""0x3061b642db56c507e265f03029735b0413a613bda43456a31e78128baeb18754""]","[""Velodrome"",""Lyra"",""Thales"",""Perpetual Protocol"",""Polynomial"",""Kwenta"",""Stargate Finance"",""Hop Protocol"", ""Across Protocol"",""Chainlink"", ""Synapse"",""Socket"",""Superchain Registry"",""Aave"",""Curve"", ""dForce"",""Granary"",""Hundred Finance"",""Sonne Finance"", ""Exactly"",""Rubicon""]",https://storage.googleapis.com/op-atlas/4043de65-2657-4c0f-91e6-3d5aea14dc33.png
0x740bebbc731ec56dcc17c7d429656220a73960022c3809edf324bd8120285722,bulloak,9854,9854,1000,2000,3000,4000,5000,6000,"[""0x9d9162fac637991d2a56da8fbe03dba24c87eb82d47c7a00b921e39e956f8a9d"",""0x4288aacdda65af69c03b2c9b9d057e2b93ed1b7671e481b03c6a7b33349d2365"",""0x3061b642db56c507e265f03029735b0413a613bda43456a31e78128baeb18754""]","[""Velodrome"",""Lyra"",""Thales"",""Perpetual Protocol"",""Polynomial"",""Kwenta"",""Stargate Finance"",""Hop Protocol"", ""Across Protocol"",""Chainlink"", ""Synapse"",""Socket"",""Superchain Registry"",""Aave"",""Curve"", ""dForce"",""Granary"",""Hundred Finance"",""Sonne Finance"", ""Exactly"",""Rubicon""]",https://storage.googleapis.com/op-atlas/73d7f842-6eb3-4a74-89df-176b8a69e4c2.png
0x754c37e401e2527ab24b9d7ca3e042bfcbfebeef54a533f8833d46242d2c3017,Remix Project,7594.42,7594.42,1000,2000,3000,4000,5000,6000,"[""0x9d9162fac637991d2a56da8fbe03dba24c87eb82d47c7a00b921e39e956f8a9d"",""0x4288aacdda65af69c03b2c9b9d057e2b93ed1b7671e481b03c6a7b33349d2365"",""0x3061b642db56c507e265f03029735b0413a613bda43456a31e78128baeb18754""]","[""Velodrome"",""Lyra"",""Thales"",""Perpetual Protocol"",""Polynomial"",""Kwenta"",""Stargate Finance"",""Hop Protocol"", ""Across Protocol"",""Chainlink"", ""Synapse"",""Socket"",""Superchain Registry"",""Aave"",""Curve"", ""dForce"",""Granary"",""Hundred Finance"",""Sonne Finance"", ""Exactly"",""Rubicon""]",https://storage.googleapis.com/op-atlas/09d19a87-dc4f-4586-99f6-ef6c9f92f713.png
0xbb067b01988521110c91737f058e7301f608be231d850a72af1516bd034d161c,Synpress,74267.47,74267.47,1000,2000,3000,4000,5000,6000,"[""0x9d9162fac637991d2a56da8fbe03dba24c87eb82d47c7a00b921e39e956f8a9d"",""0x4288aacdda65af69c03b2c9b9d057e2b93ed1b7671e481b03c6a7b33349d2365"",""0x3061b642db56c507e265f03029735b0413a613bda43456a31e78128baeb18754""]","[""Velodrome"",""Lyra"",""Thales"",""Perpetual Protocol"",""Polynomial"",""Kwenta"",""Stargate Finance"",""Hop Protocol"", ""Across Protocol"",""Chainlink"", ""Synapse"",""Socket"",""Superchain Registry"",""Aave"",""Curve"", ""dForce"",""Granary"",""Hundred Finance"",""Sonne Finance"", ""Exactly"",""Rubicon""]",https://storage.googleapis.com/op-atlas/abf0fa5e-15f2-4963-bd73-d84d0bd4c307.png
0xb9996d35862a7c60282da2adf3447f043580f586fcb702ff6869896d15ef6344,Medusa,2794.48,2794.48,1000,2000,3000,4000,5000,6000,"[""0x9d9162fac637991d2a56da8fbe03dba24c87eb82d47c7a00b921e39e956f8a9d"",""0x4288aacdda65af69c03b2c9b9d057e2b93ed1b7671e481b03c6a7b33349d2365"",""0x3061b642db56c507e265f03029735b0413a613bda43456a31e78128baeb18754""]","[""Velodrome"",""Lyra"",""Thales"",""Perpetual Protocol"",""Polynomial"",""Kwenta"",""Stargate Finance"",""Hop Protocol"", ""Across Protocol"",""Chainlink"", ""Synapse"",""Socket"",""Superchain Registry"",""Aave"",""Curve"", ""dForce"",""Granary"",""Hundred Finance"",""Sonne Finance"", ""Exactly"",""Rubicon""]",https://storage.googleapis.com/op-atlas/69e9b03e-47d3-4770-8415-3ae65da044a4.png
0x97525ec91080ddd917eaccabf9d383cf70a2f78839ab21eeabe1687e312f2132,rindexer,26703.37,26703.37,1000,2000,3000,4000,5000,6000,"[""0x9d9162fac637991d2a56da8fbe03dba24c87eb82d47c7a00b921e39e956f8a9d"",""0x4288aacdda65af69c03b2c9b9d057e2b93ed1b7671e481b03c6a7b33349d2365"",""0x3061b642db56c507e265f03029735b0413a613bda43456a31e78128baeb18754""]","[""Velodrome"",""Lyra"",""Thales"",""Perpetual Protocol"",""Polynomial"",""Kwenta"",""Stargate Finance"",""Hop Protocol"", ""Across Protocol"",""Chainlink"", ""Synapse"",""Socket"",""Superchain Registry"",""Aave"",""Curve"", ""dForce"",""Granary"",""Hundred Finance"",""Sonne Finance"", ""Exactly"",""Rubicon""]",https://storage.googleapis.com/op-atlas/366c4940-78cc-4119-958b-b93f3c9a5845.png
0xc7798704a6d730cea776c4866a9636bfa04c1201e29b6b0c99cc3603bc1bca25,Cannon,49213.29,49213.29,1000,2000,3000,4000,5000,6000,"[""0x9d9162fac637991d2a56da8fbe03dba24c87eb82d47c7a00b921e39e956f8a9d"",""0x4288aacdda65af69c03b2c9b9d057e2b93ed1b7671e481b03c6a7b33349d2365"",""0x3061b642db56c507e265f03029735b0413a613bda43456a31e78128baeb18754""]","[""Velodrome"",""Lyra"",""Thales"",""Perpetual Protocol"",""Polynomial"",""Kwenta"",""Stargate Finance"",""Hop Protocol"", ""Across Protocol"",""Chainlink"", ""Synapse"",""Socket"",""Superchain Registry"",""Aave"",""Curve"", ""dForce"",""Granary"",""Hundred Finance"",""Sonne Finance"", ""Exactly"",""Rubicon""]",https://storage.googleapis.com/op-atlas/8b14d1e8-d2ef-4670-83da-76368cbd50af.png
0xebe03c3d6d33cad60124b9b05ef6e2ff056293a1de3c5fa51dfbb90c86c14bf7,web3.py,99703.65,99703.65,1000,2000,3000,4000,5000,6000,"[""0x9d9162fac637991d2a56da8fbe03dba24c87eb82d47c7a00b921e39e956f8a9d"",""0x4288aacdda65af69c03b2c9b9d057e2b93ed1b7671e481b03c6a7b33349d2365"",""0x3061b642db56c507e265f03029735b0413a613bda43456a31e78128baeb18754""]","[""Velodrome"",""Lyra"",""Thales"",""Perpetual Protocol"",""Polynomial"",""Kwenta"",""Stargate Finance"",""Hop Protocol"", ""Across Protocol"",""Chainlink"", ""Synapse"",""Socket"",""Superchain Registry"",""Aave"",""Curve"", ""dForce"",""Granary"",""Hundred Finance"",""Sonne Finance"", ""Exactly"",""Rubicon""]",https://storage.googleapis.com/op-atlas/287d64ad-b265-41e5-9569-25807ef5bba4.png
0xabdfa10e699db5127100da1dd2403692afe8d86e793d57780f1c7e93437a73a0,WhatsABI,55110.22,55110.22,1000,2000,3000,4000,5000,6000,"[""0x9d9162fac637991d2a56da8fbe03dba24c87eb82d47c7a00b921e39e956f8a9d"",""0x4288aacdda65af69c03b2c9b9d057e2b93ed1b7671e481b03c6a7b33349d2365"",""0x3061b642db56c507e265f03029735b0413a613bda43456a31e78128baeb18754""]","[""Velodrome"",""Lyra"",""Thales"",""Perpetual Protocol"",""Polynomial"",""Kwenta"",""Stargate Finance"",""Hop Protocol"", ""Across Protocol"",""Chainlink"", ""Synapse"",""Socket"",""Superchain Registry"",""Aave"",""Curve"", ""dForce"",""Granary"",""Hundred Finance"",""Sonne Finance"", ""Exactly"",""Rubicon""]",https://storage.googleapis.com/op-atlas/63e11af2-345b-4977-b6da-dcaf387df081.png
0xa873dcdcc84e0022edd2f7d5cc8646667b87bf06609d506cd8e39dbd7412fa59,Foundry MCP Server,4249.06,4249.06,1000,2000,3000,4000,5000,6000,"[""0x9d9162fac637991d2a56da8fbe03dba24c87eb82d47c7a00b921e39e956f8a9d"",""0x4288aacdda65af69c03b2c9b9d057e2b93ed1b7671e481b03c6a7b33349d2365"",""0x3061b642db56c507e265f03029735b0413a613bda43456a31e78128baeb18754""]","[""Velodrome"",""Lyra"",""Thales"",""Perpetual Protocol"",""Polynomial"",""Kwenta"",""Stargate Finance"",""Hop Protocol"", ""Across Protocol"",""Chainlink"", ""Synapse"",""Socket"",""Superchain Registry"",""Aave"",""Curve"", ""dForce"",""Granary"",""Hundred Finance"",""Sonne Finance"", ""Exactly"",""Rubicon""]",https://storage.googleapis.com/op-atlas/92c30ad3-b419-4f74-a24c-08bdff63059b.png
0xc0ad090a80d748c19dce84d17f85d7b0016daa1c35f72ada2d92f469f8a77067,rotki,33556.53,33556.53,1000,2000,3000,4000,5000,6000,"[""0x9d9162fac637991d2a56da8fbe03dba24c87eb82d47c7a00b921e39e956f8a9d"",""0x4288aacdda65af69c03b2c9b9d057e2b93ed1b7671e481b03c6a7b33349d2365"",""0x3061b642db56c507e265f03029735b0413a613bda43456a31e78128baeb18754""]","[""Velodrome"",""Lyra"",""Thales"",""Perpetual Protocol"",""Polynomial"",""Kwenta"",""Stargate Finance"",""Hop Protocol"", ""Across Protocol"",""Chainlink"", ""Synapse"",""Socket"",""Superchain Registry"",""Aave"",""Curve"", ""dForce"",""Granary"",""Hundred Finance"",""Sonne Finance"", ""Exactly"",""Rubicon""]",https://storage.googleapis.com/op-atlas/f83b26e1-f443-427a-960e-073c0d77901e.png
0x154a42e5ca88d7c2732fda74d6eb611057fc88dbe6f0ff3aae7b89c2cd1666ab,üèóÔ∏è  Scaffold-ETH 2,89622.91,89622.91,1000,2000,3000,4000,5000,6000,"[""0x9d9162fac637991d2a56da8fbe03dba24c87eb82d47c7a00b921e39e956f8a9d"",""0x4288aacdda65af69c03b2c9b9d057e2b93ed1b7671e481b03c6a7b33349d2365"",""0x3061b642db56c507e265f03029735b0413a613bda43456a31e78128baeb18754""]","[""Velodrome"",""Lyra"",""Thales"",""Perpetual Protocol"",""Polynomial"",""Kwenta"",""Stargate Finance"",""Hop Protocol"", ""Across Protocol"",""Chainlink"", ""Synapse"",""Socket"",""Superchain Registry"",""Aave"",""Curve"", ""dForce"",""Granary"",""Hundred Finance"",""Sonne Finance"", ""Exactly"",""Rubicon""]",https://storage.googleapis.com/op-atlas/f8efb7c2-8fb3-4988-8511-ae6e826b687f.png
0xc66e357ad67e63954cd1eb79da4d507d8800518f06c82e423e93e8771e7b8d13,Brahma,1186.36,1186.36,1000,2000,3000,4000,5000,6000,"[""0x9d9162fac637991d2a56da8fbe03dba24c87eb82d47c7a00b921e39e956f8a9d"",""0x4288aacdda65af69c03b2c9b9d057e2b93ed1b7671e481b03c6a7b33349d2365"",""0x3061b642db56c507e265f03029735b0413a613bda43456a31e78128baeb18754""]","[""Velodrome"",""Lyra"",""Thales"",""Perpetual Protocol"",""Polynomial"",""Kwenta"",""Stargate Finance"",""Hop Protocol"", ""Across Protocol"",""Chainlink"", ""Synapse"",""Socket"",""Superchain Registry"",""Aave"",""Curve"", ""dForce"",""Granary"",""Hundred Finance"",""Sonne Finance"", ""Exactly"",""Rubicon""]",https://storage.googleapis.com/op-atlas/b62d6708-d690-41e7-b574-4c8d6c728610.png
0x663e4d25ca3f327365240471b4831ea3c989cb132bbf6ae8f5c1e15268591795,Blockscout open-source block explorer,25786.15,25786.15,1000,2000,3000,4000,5000,6000,"[""0x9d9162fac637991d2a56da8fbe03dba24c87eb82d47c7a00b921e39e956f8a9d"",""0x4288aacdda65af69c03b2c9b9d057e2b93ed1b7671e481b03c6a7b33349d2365"",""0x3061b642db56c507e265f03029735b0413a613bda43456a31e78128baeb18754""]","[""Velodrome"",""Lyra"",""Thales"",""Perpetual Protocol"",""Polynomial"",""Kwenta"",""Stargate Finance"",""Hop Protocol"", ""Across Protocol"",""Chainlink"", ""Synapse"",""Socket"",""Superchain Registry"",""Aave"",""Curve"", ""dForce"",""Granary"",""Hundred Finance"",""Sonne Finance"", ""Exactly"",""Rubicon""]",https://storage.googleapis.com/op-atlas/3113c4b6-4e29-420c-95f8-2ae4f6098089.png
0x2866fcc8ea2ad6cc691b8367023c08ba84a34a14685b0154ba4601b7d4981069,go-ethereum-hdwallet,9013.33,9013.33,1000,2000,3000,4000,5000,6000,"[""0x9d9162fac637991d2a56da8fbe03dba24c87eb82d47c7a00b921e39e956f8a9d"",""0x4288aacdda65af69c03b2c9b9d057e2b93ed1b7671e481b03c6a7b33349d2365"",""0x3061b642db56c507e265f03029735b0413a613bda43456a31e78128baeb18754""]","[""Velodrome"",""Lyra"",""Thales"",""Perpetual Protocol"",""Polynomial"",""Kwenta"",""Stargate Finance"",""Hop Protocol"", ""Across Protocol"",""Chainlink"", ""Synapse"",""Socket"",""Superchain Registry"",""Aave"",""Curve"", ""dForce"",""Granary"",""Hundred Finance"",""Sonne Finance"", ""Exactly"",""Rubicon""]",https://storage.googleapis.com/op-atlas/09a4acff-98eb-4c73-925e-7403d7678163.png
0x2a04bac7482169a929fd70444bbfac10654d0588e022db7527566dbfc307d2e9,Solc-select,9353.95,9353.95,1000,2000,3000,4000,5000,6000,"[""0x9d9162fac637991d2a56da8fbe03dba24c87eb82d47c7a00b921e39e956f8a9d"",""0x4288aacdda65af69c03b2c9b9d057e2b93ed1b7671e481b03c6a7b33349d2365"",""0x3061b642db56c507e265f03029735b0413a613bda43456a31e78128baeb18754""]","[""Velodrome"",""Lyra"",""Thales"",""Perpetual Protocol"",""Polynomial"",""Kwenta"",""Stargate Finance"",""Hop Protocol"", ""Across Protocol"",""Chainlink"", ""Synapse"",""Socket"",""Superchain Registry"",""Aave"",""Curve"", ""dForce"",""Granary"",""Hundred Finance"",""Sonne Finance"", ""Exactly"",""Rubicon""]",https://storage.googleapis.com/op-atlas/de442005-7eb7-45d9-9d69-c1f1548e855f.png
0x9151666888d0ca532a529be98a50d2eb992988117e202163f865fa9a27eb7149,Solady,99497.43,99497.43,1000,2000,3000,4000,5000,6000,"[""0x9d9162fac637991d2a56da8fbe03dba24c87eb82d47c7a00b921e39e956f8a9d"",""0x4288aacdda65af69c03b2c9b9d057e2b93ed1b7671e481b03c6a7b33349d2365"",""0x3061b642db56c507e265f03029735b0413a613bda43456a31e78128baeb18754""]","[""Velodrome"",""Lyra"",""Thales"",""Perpetual Protocol"",""Polynomial"",""Kwenta"",""Stargate Finance"",""Hop Protocol"", ""Across Protocol"",""Chainlink"", ""Synapse"",""Socket"",""Superchain Registry"",""Aave"",""Curve"", ""dForce"",""Granary"",""Hundred Finance"",""Sonne Finance"", ""Exactly"",""Rubicon""]",https://storage.googleapis.com/op-atlas/0e726459-df1e-4cea-bddb-25399f88acea.png
0x0008577196fa6ec286440b418e2f6305fc10e62ce759625d826be272ee6b45a3,CreateX,19132.22,19132.22,1000,2000,3000,4000,5000,6000,"[""0x9d9162fac637991d2a56da8fbe03dba24c87eb82d47c7a00b921e39e956f8a9d"",""0x4288aacdda65af69c03b2c9b9d057e2b93ed1b7671e481b03c6a7b33349d2365"",""0x3061b642db56c507e265f03029735b0413a613bda43456a31e78128baeb18754""]","[""Velodrome"",""Lyra"",""Thales"",""Perpetual Protocol"",""Polynomial"",""Kwenta"",""Stargate Finance"",""Hop Protocol"", ""Across Protocol"",""Chainlink"", ""Synapse"",""Socket"",""Superchain Registry"",""Aave"",""Curve"", ""dForce"",""Granary"",""Hundred Finance"",""Sonne Finance"", ""Exactly"",""Rubicon""]",https://storage.googleapis.com/op-atlas/4e18f37a-1991-48a1-9622-c43fa3e04f3e.png
0x3061b642db56c507e265f03029735b0413a613bda43456a31e78128baeb18754,Aave,3021.2,3021.2,1000,2000,3000,4000,5000,6000,"[""0x9d9162fac637991d2a56da8fbe03dba24c87eb82d47c7a00b921e39e956f8a9d"",""0x4288aacdda65af69c03b2c9b9d057e2b93ed1b7671e481b03c6a7b33349d2365"",""0x3061b642db56c507e265f03029735b0413a613bda43456a31e78128baeb18754""]","[""Velodrome"",""Lyra"",""Thales"",""Perpetual Protocol"",""Polynomial"",""Kwenta"",""Stargate Finance"",""Hop Protocol"", ""Across Protocol"",""Chainlink"", ""Synapse"",""Socket"",""Superchain Registry"",""Aave"",""Curve"", ""dForce"",""Granary"",""Hundred Finance"",""Sonne Finance"", ""Exactly"",""Rubicon""]",https://storage.googleapis.com/op-atlas/dcd0600f-d9bf-439e-9915-5922ea8e9655.png
0x1e7a1f9763d25b6844567a7133b1005ef6ed785642a75229acf1b9b25202a5f3,eRPC,11510.27,11510.27,1000,2000,3000,4000,5000,6000,"[""0x9d9162fac637991d2a56da8fbe03dba24c87eb82d47c7a00b921e39e956f8a9d"",""0x4288aacdda65af69c03b2c9b9d057e2b93ed1b7671e481b03c6a7b33349d2365"",""0x3061b642db56c507e265f03029735b0413a613bda43456a31e78128baeb18754""]","[""Velodrome"",""Lyra"",""Thales"",""Perpetual Protocol"",""Polynomial"",""Kwenta"",""Stargate Finance"",""Hop Protocol"", ""Across Protocol"",""Chainlink"", ""Synapse"",""Socket"",""Superchain Registry"",""Aave"",""Curve"", ""dForce"",""Granary"",""Hundred Finance"",""Sonne Finance"", ""Exactly"",""Rubicon""]",https://storage.googleapis.com/op-atlas/bc82b1d5-dad6-496a-af01-475797e53e34.png
0xdc3dce33fd5fb50cf932586d4257456ddf5040ba0955d97641646504c73dbd13,Slither,22151.31,22151.31,1000,2000,3000,4000,5000,6000,"[""0x9d9162fac637991d2a56da8fbe03dba24c87eb82d47c7a00b921e39e956f8a9d"",""0x4288aacdda65af69c03b2c9b9d057e2b93ed1b7671e481b03c6a7b33349d2365"",""0x3061b642db56c507e265f03029735b0413a613bda43456a31e78128baeb18754""]","[""Velodrome"",""Lyra"",""Thales"",""Perpetual Protocol"",""Polynomial"",""Kwenta"",""Stargate Finance"",""Hop Protocol"", ""Across Protocol"",""Chainlink"", ""Synapse"",""Socket"",""Superchain Registry"",""Aave"",""Curve"", ""dForce"",""Granary"",""Hundred Finance"",""Sonne Finance"", ""Exactly"",""Rubicon""]",https://storage.googleapis.com/op-atlas/27ad6768-163c-4cc3-bd3e-ba8fd3ef5f50.png
0xc6cac7cd3793888032cc8a9e5aef92550beeec2598f86f1ec6972ffd5b82a990,Prettier Solidity,28753.07,28753.07,1000,2000,3000,4000,5000,6000,"[""0x9d9162fac637991d2a56da8fbe03dba24c87eb82d47c7a00b921e39e956f8a9d"",""0x4288aacdda65af69c03b2c9b9d057e2b93ed1b7671e481b03c6a7b33349d2365"",""0x3061b642db56c507e265f03029735b0413a613bda43456a31e78128baeb18754""]","[""Velodrome"",""Lyra"",""Thales"",""Perpetual Protocol"",""Polynomial"",""Kwenta"",""Stargate Finance"",""Hop Protocol"", ""Across Protocol"",""Chainlink"", ""Synapse"",""Socket"",""Superchain Registry"",""Aave"",""Curve"", ""dForce"",""Granary"",""Hundred Finance"",""Sonne Finance"", ""Exactly"",""Rubicon""]",https://storage.googleapis.com/op-atlas/0e3be68b-be6b-4833-b0ed-b53dc89a8d22.png
0xae07bfec2c3c90937679f8c8c5c32e80407c09903aa03d1b5e5a075e67592b86,DefiLlama,50395.79,50395.79,1000,2000,3000,4000,5000,6000,"[""0x9d9162fac637991d2a56da8fbe03dba24c87eb82d47c7a00b921e39e956f8a9d"",""0x4288aacdda65af69c03b2c9b9d057e2b93ed1b7671e481b03c6a7b33349d2365"",""0x3061b642db56c507e265f03029735b0413a613bda43456a31e78128baeb18754""]","[""Velodrome"",""Lyra"",""Thales"",""Perpetual Protocol"",""Polynomial"",""Kwenta"",""Stargate Finance"",""Hop Protocol"", ""Across Protocol"",""Chainlink"", ""Synapse"",""Socket"",""Superchain Registry"",""Aave"",""Curve"", ""dForce"",""Granary"",""Hundred Finance"",""Sonne Finance"", ""Exactly"",""Rubicon""]",https://storage.googleapis.com/op-atlas/a9e1e4b4-45a2-411b-8f31-059269534381.png